INSERT INTO INVENTORY (id, itemId, link, location, quantity) VALUES (nextval('inventory_sequence'), '329299', 'http://maps.google.com/?q=Raleigh', 'Raleigh', 736);
INSERT INTO INVENTORY (id, itemId, link, location, quantity) VALUES (nextval('inventory_sequence'), '329199', 'http://maps.google.com/?q=Boston', 'Boston', 512);
INSERT INTO INVENTORY (id, itemId, link, location, quantity) VALUES (nextval('inventory_sequence'), '165613', 'http://maps.google.com/?q=Seoul', 'Seoul', 256);
INSERT INTO INVENTORY (id, itemId, link, location, quantity) VALUES (nextval('inventory_sequence'), '165614', 'http://maps.google.com/?q=Singapore', 'Singapore', 54);
INSERT INTO INVENTORY (id, itemId, link, location, quantity) VALUES (nextval('inventory_sequence'), '165954', 'http://maps.google.com/?q=London', 'London', 87);
INSERT INTO INVENTORY (id, itemId, link, location, quantity) VALUES (nextval('inventory_sequence'), '444434', 'http://maps.google.com/?q=NewYork', 'NewYork', 443);
INSERT INTO INVENTORY (id, itemId, link, location, quantity) VALUES (nextval('inventory_sequence'), '444435', 'http://maps.google.com/?q=Paris', 'Paris', 600);
INSERT INTO INVENTORY (id, itemId, link, location, quantity) VALUES (nextval('inventory_sequence'), '444437', 'http://maps.google.com/?q=Tokyo', 'Tokyo', 230);
INSERT INTO INVENTORY (id, itemId, link, location, quantity) VALUES (nextval('inventory_sequence'), 'RHNL-006', 'http://maps.google.com/?q=Raleigh', 'Raleigh', 132);
INSERT INTO INVENTORY (id, itemId, link, location, quantity) VALUES (nextval('inventory_sequence'), 'RHNL-018', 'http://maps.google.com/?q=Boston', 'Boston', 63);
INSERT INTO INVENTORY (id, itemId, link, location, quantity) VALUES (nextval('inventory_sequence'), 'RHNL-007', 'http://maps.google.com/?q=Seoul', 'Seoul', 14);
INSERT INTO INVENTORY (id, itemId, link, location, quantity) VALUES (nextval('inventory_sequence'), 'RHNL-017', 'http://maps.google.com/?q=Singapore', 'Singapore', 88);
INSERT INTO INVENTORY (id, itemId, link, location, quantity) VALUES (nextval('inventory_sequence'), 'RHNL-009', 'http://maps.google.com/?q=London', 'London', 203);
INSERT INTO INVENTORY (id, itemId, link, location, quantity) VALUES (nextval('inventory_sequence'), 'RHNL-011', 'http://maps.google.com/?q=NewYork', 'NewYork', 7);
INSERT INTO INVENTORY (id, itemId, link, location, quantity) VALUES (nextval('inventory_sequence'), 'RHNL-002', 'http://maps.google.com/?q=Paris', 'Paris', 145);
INSERT INTO INVENTORY (id, itemId, link, location, quantity) VALUES (nextval('inventory_sequence'), 'RHNL-004', 'http://maps.google.com/?q=Tokyo', 'Tokyo', 230);
INSERT INTO INVENTORY (id, itemId, link, location, quantity) VALUES (nextval('inventory_sequence'), 'RHNL-016', 'http://maps.google.com/?q=Paris', 'Tokyo', 25);
INSERT INTO INVENTORY (id, itemId, link, location, quantity) VALUES (nextval('inventory_sequence'), 'RHNL-005', 'http://maps.google.com/?q=Raleigh', 'Raleigh', 124);
INSERT INTO INVENTORY (id, itemId, link, location, quantity) VALUES (nextval('inventory_sequence'), 'RHNL-008', 'http://maps.google.com/?q=Boston', 'Boston', 545);
INSERT INTO INVENTORY (id, itemId, link, location, quantity) VALUES (nextval('inventory_sequence'), 'RHNL-015', 'http://maps.google.com/?q=Seoul', 'Seoul', 128);
INSERT INTO INVENTORY (id, itemId, link, location, quantity) VALUES (nextval('inventory_sequence'), 'RHNAM-257', 'http://maps.google.com/?q=Raleigh', 'Raleigh', 487);
INSERT INTO INVENTORY (id, itemId, link, location, quantity) VALUES (nextval('inventory_sequence'), 'RHNAM-023E-RED', 'http://maps.google.com/?q=Boston', 'Boston', 258);
INSERT INTO INVENTORY (id, itemId, link, location, quantity) VALUES (nextval('inventory_sequence'), 'RHNAM-234', 'http://maps.google.com/?q=Seoul', 'Seoul', 94);
INSERT INTO INVENTORY (id, itemId, link, location, quantity) VALUES (nextval('inventory_sequence'), 'RHNAM-233', 'http://maps.google.com/?q=Singapore', 'Singapore', 45);
INSERT INTO INVENTORY (id, itemId, link, location, quantity) VALUES (nextval('inventory_sequence'), 'RHNAM-231', 'http://maps.google.com/?q=London', 'London', 88);
INSERT INTO INVENTORY (id, itemId, link, location, quantity) VALUES (nextval('inventory_sequence'), 'RHNAM-232', 'http://maps.google.com/?q=NewYork', 'NewYork', 74);
INSERT INTO INVENTORY (id, itemId, link, location, quantity) VALUES (nextval('inventory_sequence'), 'RHNAM-465', 'http://maps.google.com/?q=Paris', 'Paris', 236);
INSERT INTO INVENTORY (id, itemId, link, location, quantity) VALUES (nextval('inventory_sequence'), 'RHNAM-255', 'http://maps.google.com/?q=Tokyo', 'Tokyo', 274);
INSERT INTO INVENTORY (id, itemId, link, location, quantity) VALUES (nextval('inventory_sequence'), 'RHNAM-179', 'http://maps.google.com/?q=Raleigh', 'Raleigh', 258);
INSERT INTO INVENTORY (id, itemId, link, location, quantity) VALUES (nextval('inventory_sequence'), 'RHNAM-222', 'http://maps.google.com/?q=Boston', 'Boston', 14);
INSERT INTO INVENTORY (id, itemId, link, location, quantity) VALUES (nextval('inventory_sequence'), 'RHNAM-245', 'http://maps.google.com/?q=Seoul', 'Seoul', 71);
INSERT INTO INVENTORY (id, itemId, link, location, quantity) VALUES (nextval('inventory_sequence'), 'RHNAM-249', 'http://maps.google.com/?q=Singapore', 'Singapore', 65);
INSERT INTO INVENTORY (id, itemId, link, location, quantity) VALUES (nextval('inventory_sequence'), 'RHNAM-094-WHT', 'http://maps.google.com/?q=London', 'London', 98);
INSERT INTO INVENTORY (id, itemId, link, location, quantity) VALUES (nextval('inventory_sequence'), 'RHNAM-042E', 'http://maps.google.com/?q=NewYork', 'NewYork', 112);
INSERT INTO INVENTORY (id, itemId, link, location, quantity) VALUES (nextval('inventory_sequence'), 'RHNAM-239', 'http://maps.google.com/?q=Paris', 'Paris', 400);
INSERT INTO INVENTORY (id, itemId, link, location, quantity) VALUES (nextval('inventory_sequence'), 'RHNAM-250', 'http://maps.google.com/?q=Tokyo', 'Tokyo', 189);
INSERT INTO INVENTORY (id, itemId, link, location, quantity) VALUES (nextval('inventory_sequence'), 'RHNAM-095-RED', 'http://maps.google.com/?q=Raleigh', 'Raleigh', 264);
INSERT INTO INVENTORY (id, itemId, link, location, quantity) VALUES (nextval('inventory_sequence'), 'RHNAM-240', 'http://maps.google.com/?q=Singapore', 'Singapore', 88);
INSERT INTO INVENTORY (id, itemId, link, location, quantity) VALUES (nextval('inventory_sequence'), 'RHNAM-054E-RED', 'http://maps.google.com/?q=Singapore', 'Singapore', 77);
INSERT INTO INVENTORY (id, itemId, link, location, quantity) VALUES (nextval('inventory_sequence'), 'RHNAM-252-BLK', 'http://maps.google.com/?q=Boston', 'Boston', 121);
INSERT INTO INVENTORY (id, itemId, link, location, quantity) VALUES (nextval('inventory_sequence'), 'RHNAM-219-BLKGRY', 'http://maps.google.com/?q=Seoul', 'Seoul', 29);
INSERT INTO INVENTORY (id, itemId, link, location, quantity) VALUES (nextval('inventory_sequence'), '101808', 'http://maps.google.com/?q=Paris', 'Paris', 258);
INSERT INTO INVENTORY (id, itemId, link, location, quantity) VALUES (nextval('inventory_sequence'), '144011', 'http://maps.google.com/?q=Paris', 'Paris', 45);
INSERT INTO INVENTORY (id, itemId, link, location, quantity) VALUES (nextval('inventory_sequence'), '459639', 'http://maps.google.com/?q=Paris', 'Paris', 56);
INSERT INTO INVENTORY (id, itemId, link, location, quantity) VALUES (nextval('inventory_sequence'), '101793', 'http://maps.google.com/?q=Paris', 'Paris', 48);
INSERT INTO INVENTORY (id, itemId, link, location, quantity) VALUES (nextval('inventory_sequence'), '101759', 'http://maps.google.com/?q=Paris', 'Paris', 16);
INSERT INTO INVENTORY (id, itemId, link, location, quantity) VALUES (nextval('inventory_sequence'), '328580', 'http://maps.google.com/?q=Paris', 'Paris', 4);
INSERT INTO INVENTORY (id, itemId, link, location, quantity) VALUES (nextval('inventory_sequence'), '422807', 'http://maps.google.com/?q=Paris', 'Paris', 9);
INSERT INTO INVENTORY (id, itemId, link, location, quantity) VALUES (nextval('inventory_sequence'), '433140', 'http://maps.google.com/?q=Paris', 'Paris', 2);

INSERT INTO category (category_id, category) VALUES (1, 'clothing');
INSERT INTO category (category_id, category) VALUES (2, 'utensils');
INSERT INTO category (category_id, category) VALUES (3, 'bags');
INSERT INTO category (category_id, category) VALUES (4, 'office supplies');
INSERT INTO category (category_id, category) VALUES (5, 'fashion accessory');
INSERT INTO category (category_id, category) VALUES (6, 'electronics');
INSERT INTO category (category_id, category) VALUES (7, 'sports equipment');
INSERT INTO category (category_id, category) VALUES (8, 'drum sticks');
INSERT INTO category (category_id, category) VALUES (9, 'drum shell sets');

INSERT INTO catalog (item_id, name, description, category, price) VALUES ('329299', 'Quarkus T-shirt', 'Our T-Shirt is an everyday essential! This short-sleeve heavyweight T-shirt is comfortable, economical and made to last. Designed with a traditional fit that runs true to size, he’ll show off his personality, humor and interests with an easy, relaxed style.', 1, 10.00);
INSERT INTO catalog (item_id, name, description, category, price) VALUES ('329199', 'Pronounced Kubernetes', 'Our Men''s Value T-Shirt is an everyday essential! This short-sleeve heavyweight T-shirt is comfortable, economical and made to last. Designed with a traditional fit that runs true to size, he’ll show off his personality, humor and interests with an easy, relaxed style.', 1, 9.00);
INSERT INTO catalog (item_id, name, description, category, price) VALUES ('165613', 'Knit socks', 'Lorem ipsum dolor sit amet, consectetur adipiscing elit. Ut urna leo, cursus a fringilla et, aliquam at tellus. Praesent est nulla, mattis in auctor vitae, commodo sed eros. Etiam volutpat a felis vel elementum. Duis ut vestibulum orci, ut hendrerit felis. Nulla nunc lectus, luctus ut tortor a, sollicitudin gravida dolor. Integer euismod, velit non tempor mattis, odio neque ornare neque, nec sollicitudin elit massa nec ante.', 1, 4.15);
INSERT INTO catalog (item_id, name, description, category, price) VALUES ('165614', 'Quarkus H2Go water bottle', 'Copper vacuum insulated sport bottle with 650 ml capacity. Durable, double wall stainless steel vacuum construction with copper insulation, which allows your beverage to stay cold for 48 hours and at least 12 hours for hot beverages. The construction also prevents condensation on the outside of the bottle. Material: Stainless Steel. Colour: Black Height:27,20 cm Diameter:7,20 cm Weight:380 gram', 2, 14.45);
INSERT INTO catalog (item_id, name, description, category, price) VALUES ('165954', 'Patagonia Refugio pack 28L', 'Lorem ipsum dolor sit amet, consectetur adipiscing elit. Ut urna leo, cursus a fringilla et, aliquam at tellus. Praesent est nulla, mattis in auctor vitae, commodo sed eros. Etiam volutpat a felis vel elementum. Duis ut vestibulum orci, ut hendrerit felis. Nulla nunc lectus, luctus ut tortor a, sollicitudin gravida dolor. Integer euismod, velit non tempor mattis, odio neque ornare neque, nec sollicitudin elit massa nec ante.', 3, 56.00);
INSERT INTO catalog (item_id, name, description, category, price) VALUES ('444434', 'Red Hat Impact T-shirt', 'Our T-Shirt is an everyday essential! This short-sleeve heavyweight T-shirt is comfortable, economical and made to last. Designed with a traditional fit that runs true to size, he''ll show off his personality, humor and interests with an easy, relaxed style.', 1, 9.00);
INSERT INTO catalog (item_id, name, description, category, price) VALUES ('444435', 'Quarkus twill cap', 'Lorem ipsum dolor sit amet, consectetur adipiscing elit. Ut urna leo, cursus a fringilla et, aliquam at tellus. Praesent est nulla, mattis in auctor vitae, commodo sed eros. Etiam volutpat a felis vel elementum. Duis ut vestibulum orci, ut hendrerit felis. Nulla nunc lectus, luctus ut tortor a, sollicitudin gravida dolor. Integer euismod, velit non tempor mattis, odio neque ornare neque, nec sollicitudin elit massa nec ante.', 1, 13.00 );
INSERT INTO catalog (item_id, name, description, category, price) VALUES ('444437', 'Nanobloc Universal Webcam Cover', 'Lorem ipsum dolor sit amet, consectetur adipiscing elit. Ut urna leo, cursus a fringilla et, aliquam at tellus. Praesent est nulla, mattis in auctor vitae, commodo sed eros. Etiam volutpat a felis vel elementum. Duis ut vestibulum orci, ut hendrerit felis. Nulla nunc lectus, luctus ut tortor a, sollicitudin gravida dolor. Integer euismod, velit non tempor mattis, odio neque ornare neque, nec sollicitudin elit massa nec ante.', 4, 2.75);
INSERT INTO catalog (item_id, name, description, category, price) VALUES ('RHNL-006', 'Red Hat T-shirt', 'Interior custom branding options. Tearaway-cutaway main label for tagless comfort. Tubular knit. Crew neck. Flat knit collar. Self fabric necktape. Single Jersey knit of 100% Cotton, 150 g/m2. Colour: Black', 1, 11.25);
INSERT INTO catalog (item_id, name, description, category, price) VALUES ('RHNL-018', 'We Are Red Hat Week T-Shirt', 'Interior custom branding options. Tearaway-cutaway main label for tagless comfort. Tubular knit. Crew neck. Flat knit collar. Self fabric necktape. Single Jersey knit of 100% Cotton, 150 g/m2. Colour: Black', 1, 13.50);
INSERT INTO catalog (item_id, name, description, category, price) VALUES ('RHNL-007', 'Red Hat Recycled Polo', 'Short sleeve men''s GOTS organic GRS recycled polo. Sustainable promotional apparel. Sustainable metal buttons. Flat knit collar. Flat knit rib cuffs. Two button placket. Bi-coloured necktape. Double needle stitching detail. Material: Piqué knit of 70% GOTS certified organic cotton and 30% GRS certified recycled polyester, 220 g/m2. Colour: Black', 1, 29.00);
INSERT INTO catalog (item_id, name, description, category, price) VALUES ('RHNL-017', 'We Are Red Hat Week Sweatshirt', 'Interior custom branding options. Tearaway-cutaway main label for tagless comfort. Crew neck. Flat knit rib collar. Flat knit rib cuffs. Flat knit rib bottom hem. Brushed on the inside. Self-fabric necktape. Knit of 50% Cotton and 50% Polyester, 240 g/m2.', 1, 26.95);
INSERT INTO catalog (item_id, name, description, category, price) VALUES ('RHNL-009', 'Red Hat Full Zipped Hoodie - Unisex', 'Unisex full zip hoodie with contrast plastic zip. Twin needle stitching detailing. Double fabric hood with contrast inner. Contrast flat lace drawcords. Kangaroo pouch pocket. Ribbed cuff and hem. Worldwide Responsible Accredited Production (WRAP) certified production. Soft cotton faced fabric creates ideal printing surface. Simple tear out label makes it perefct for rebranding. Brushed inner fleece. Branded with Equinix logo. Fabric : 80% Ringspun cotton, 20% Polyester; Weight: 280gsm, Colour:Black/Red', 1, 27.50);
INSERT INTO catalog (item_id, name, description, category, price) VALUES ('RHNL-011', 'Red Hat Cooler Duffle Bag', 'Easy-access 24-can cooler bag. Zippered main compartment holds up to 24 cans. Zippered front compartment. Easy-access pocket allow for quick retrieval of chilled items. Backsaver™ technology combats the strain of carrying a loaded cooler. Ultra Safe™ leak-proof PEVA lining. Collapses for easy storage. 600D Polyester. Material: 420D of Polyester. Colour:Black/Red Product size (cm):30 x 23 x 29', 3, 38.50);
INSERT INTO catalog (item_id, name, description, category, price) VALUES ('RHNL-002', 'Red Hat Ceramic Mug', 'Mug is 340 ml with matte exterior finish and interior colour accent. Dishwasher safe. Material: Ceramic. Capacity: 340ml Color: Black/Red Height: 8,40 cm Diameter:8,80 cm Weight:310 gram', 2, 6.95);
INSERT INTO catalog (item_id, name, description, category, price) VALUES ('RHNL-004', 'Red Hat Black Tumbler', 'Vacuum insulated tumbler and insulator with 330 ml capacity. Double-wall construction, vacuum insulated. Clear, press-on lid with slide closure. Works as a tumbler or drink insulator. Material: Stainless Steel. Colour: Black. Height:13,50 cm Diameter:8,50 cm Weight:235 gram', 2, 12.00);
INSERT INTO catalog (item_id, name, description, category, price) VALUES ('RHNL-016', 'Red Hat White Tumbler', 'Vacuum insulated tumbler and insulator with 330 ml capacity. Double-wall construction, vacuum insulated. Clear, press-on lid with slide closure. Works as a tumbler or drink insulator. Material: Stainless Steel. Colour: White', 2, 12.00);
INSERT INTO catalog (item_id, name, description, category, price) VALUES ('RHNL-005', 'Red Hat Sport Bottle', 'Copper vacuum insulated sport bottle with 650 ml capacity. Durable, double wall stainless steel vacuum construction with copper insulation, which allows your beverage to stay cold for 48 hours and at least 12 hours for hot beverages. The construction also prevents condensation on the outside of the bottle. Material: Stainless Steel. Colour: Black Height:27,20 cm Diameter:7,20 cm Weight:380 gram', 2, 17.25);
INSERT INTO catalog (item_id, name, description, category, price) VALUES ('RHNL-008', 'Red Hat Selfie Light', 'The Webcam Ring Light guarantees perfect lighting for all of your photos. Just clip it onto the top of your phone or laptop, press the on/off button at the bottom, and watch as the ring lights up. You can adjust the brightness of the light to three different levels. This also works great for creating the perfect lighting for a zoom meeting when working from home.', 4, 8.95);
INSERT INTO catalog (item_id, name, description, category, price) VALUES ('RHNL-015', 'Red Hat Recycled Facemask', 'Two-layered face mask. Add-in filter pocket (filter not included). Metal nose bridge. Elastic straps with adjustable stopper. Ergonomic shape to protect mouth and chin. Washable at 60 degrees. Made of lightweight and comfortable 94% certified recycled polyester and 6% elastane. Colour:Solid black', 5, 4.30);
INSERT INTO catalog (item_id, name, description, category, price) VALUES ('RHNAM-257', '3/4" Fedora Lapel Pin', '3/4" silver plated metal lapel pin.', 5, 1.35);
INSERT INTO catalog (item_id, name, description, category, price) VALUES ('RHNAM-023E-RED', '6 Panel Unstructured Cap With Tuck Strap', 'Comfortable 6 panel unstructured cap with tuck strap fits sleek to your head. Garment Washed Cotton Twill Unstructured. Tuck Strap with Slide Closure. Color: Red with Red Hat logo embroidered in white on front of cap.', 1, 5.85);
INSERT INTO catalog (item_id, name, description, category, price) VALUES ('RHNAM-234', 'Women''s Red Hat Black T-Shirt', 'Women''s CVC Tee. 4.3-ounce, 60/40 combed ring spun cotton/poly. 32 singles. 1x1 rib knit neck. Shoulder to shoulder taping. Tear-away label. Side seamed. Fitted.', 1, 11.00);
INSERT INTO catalog (item_id, name, description, category, price) VALUES ('RHNAM-233', 'Red Hat Black T-Shirt', 'Unisex CVC Tee. 4.3-ounce, 60/40 combed ring-spun cotton/poly, 32 singles. 1x1 rib knit neck. Shoulder to shoulder taping. Tear-away label. Side-seamed', 1, 10.00);
INSERT INTO catalog (item_id, name, description, category, price) VALUES ('RHNAM-231', 'Red Hat Fedora Cap Heather Grey T-Shirt', '4.3-ounce Unisex 90/10 combed ring spun cotton/poly, 32 singles. 1x1 rib knit neck. Shoulder to shoulder taping. Tear-away label. Side seamed.', 1, 11.00);
INSERT INTO catalog (item_id, name, description, category, price) VALUES ('RHNAM-232', 'Women''s Red Hat Fedora Cap Heather Grey T-Shirt', 'Comfortable 6 panel unstructured cap with tuck strap fits sleek to your head. Garment Washed Cotton Twill Unstructured. Tuck Strap with Slide Closure. Color: Red with Red Hat logo embroidered in white on front of cap.', 1, 11.00);
INSERT INTO catalog (item_id, name, description, category, price) VALUES ('RHNAM-465', 'WARHW Black T-Shirt', '4.3-ounce, 60/40 combed ring spun cotton/poly, 32 singles. CVC blend. 1x1 rib knit neck. Shoulder to shoulder taping. Tear-away label. Side seamed.', 1, 11.85);
INSERT INTO catalog (item_id, name, description, category, price) VALUES ('RHNAM-255', 'Red Hat Linux Lining T-Shirt', '4.2 oz.(US) 7 oz.(CA), 100% airlume combed and ringspun cotton, 32 singles. Retail fit. Unisex sizing. Coverstitched collar and sleeves. Shoulder-to-shoulder taping. Side seams. Tear-away label. Color: Black', 1, 12.50);
INSERT INTO catalog (item_id, name, description, category, price) VALUES ('RHNAM-179', 'Red Hat Fedora Cap Heather Grey T-Shirt', '4.3-ounce Unisex 90/10 combed ring spun cotton/poly, 32 singles. 1x1 rib knit neck. Shoulder to shoulder taping. Tear-away label. Side seamed.', 1, 11.00);
INSERT INTO catalog (item_id, name, description, category, price) VALUES ('RHNAM-222', 'My Code Is Open Black T-Shirt', 'Unisex Tri-Blend Tee. 4.3-ounce, 50/25/25 poly/combed ring spun cotton/rayon, 30 singles. 1x1 rib knit neck. Shoulder to shoulder taping. Tear-away label. Side seamed.', 1, 14.00);
INSERT INTO catalog (item_id, name, description, category, price) VALUES ('RHNAM-245', 'Red Hat Recycled PET Plastic Pen', 'This gel pen is one of the new eco-friendly items in the Eco-Minded product line. The barrel and cap of this translucent pen are made with 100% post-consumer recycled P.E.T. plastic. Black Ink / Gel ink, 0.7 mm point- Cap-Off.', 4, 0.90);
INSERT INTO catalog (item_id, name, description, category, price) VALUES ('RHNAM-249', 'Red Hat 3/4" Recycled PET Dye-Sublimated Lanyard', '3/4" Recycled PET Dye-Sublimated w/Crimp, Split Ring & Black Metal Bulldog Clip W/ Swivel', 4, 2.75);
INSERT INTO catalog (item_id, name, description, category, price) VALUES ('RHNAM-094-WHT', 'Rechargeable Adjustable LED Webcam Ring Light', 'The Webcam Ring Light guarantees perfect lighting for all of your photos. Just clip it onto the top of your phone or laptop, press the on/off button at the bottom, and watch as the ring lights up. You can adjust the brightness of the light to three different levels. This also works great for creating the perfect lighting for a zoom meeting when working from home.', 4, 6.00);
INSERT INTO catalog (item_id, name, description, category, price) VALUES ('RHNAM-042E', 'Keychain Tool White', 'Keychain Tool White', 5, 5.75);
INSERT INTO catalog (item_id, name, description, category, price) VALUES ('RHNAM-239', 'Neoskin Hard Cover Journal', 'This hard-cover journal features a gusseted interior pocket to store your important business materials; 192 ivory-lined, acid free pages for your pen to glide on; a ribbon to double as a bookmark and an elastic closure to mark the next blank page. Product dimensions: (5.750"" x 8.375""). Journal inner page dimension is 5 1/2" x 8 3/16"', 4, 11.00);
INSERT INTO catalog (item_id, name, description, category, price) VALUES ('RHNAM-250', 'Red Hat Matte Black Camper Mug', '12 oz double wall 18/8 stainless steel thermal mug with copper vacuum insulation, stainless steel rim, clear push-on lid, swivel closure, and powder coated finish; Hand wash recommended; Do not microwave; 4"" h x 4-3/4 w (with handle).', 2, 16.99);
INSERT INTO catalog (item_id, name, description, category, price) VALUES ('RHNAM-095-RED', 'Desk Gift Set', '"You''re an overachiever and you don''t believe in cutting corners. When it comes to your workspace, it''s obvious that you''re gonna need the whole kit and caboodle. The set comes in a white box with all of your favorite desk items. Items included:  Pen Cup, Stapler, Tape Dispenser, Tray and (3) pens in White, Black and Red.', 4, 26.50);
INSERT INTO catalog (item_id, name, description, category, price) VALUES ('RHNAM-240', 'Stojo Collapsible Silicone Bottle - 20 oz.', 'Collapsible 20 oz Stojo bottle. Holds 20 ounces of liquid when full and collapses into a sphere when empty (3.3"" high). The tethered screw-on cap creates a loop handle and can be attached to your bag strap or belt. When screwed on tightly, the cap creates an air-tight, leak-proof seal. Color: Cashmere.', 2, 20.00);
INSERT INTO catalog (item_id, name, description, category, price) VALUES ('RHNAM-054E-RED', 'Fedora Shaped Earrings', 'Fedora Shaped Earrings', 5, 46.00);
INSERT INTO catalog (item_id, name, description, category, price) VALUES ('RHNAM-252-BLK', 'JBL Live 460 Wireless NC Headphone', 'Feel the power of JBL Signature Sound delivered by 40mm drivers, enjoy the convenience of Adaptive Noise Cancelling and Smart Ambient technologies that allow you to focus on what matters for you, and talk to your favorite Voice Assistant with a tap on the ear cup. Dimensions: 9 x 8 x 2.2.', 6, 129.95);
INSERT INTO catalog (item_id, name, description, category, price) VALUES ('RHNAM-219-BLKGRY', 'Two-Tone Double-Layer Yoga Mat', 'This two-tone double-layer yoga mat offers excellent traction and is hypoallergenic, non-toxic and odor-free. Made of closed-cell themorplastic elastomer. Mat size: 24 1/8" W x 71" L', 7, 25.00);
INSERT INTO catalog (item_id, name, description, category, price) VALUES ('101808', 'Vic Firth 5A American Classic Hickory', 'Size 5A - American Classic Series - Hickory wood - Wooden tips - Teardrop tips - Ideal for rock and as practice sticks - Length: 406 mm - Diameter: 14,4 mm', 8, 13.90);
INSERT INTO catalog (item_id, name, description, category, price) VALUES ('144011', 'Millenium 5A Maple Drumsticks', 'Material: Maple wood - With wooden tips - Length: 402 mm - Tip length: 13 mm - Body: 14,9 mm - Shoulder: 6 mm - Price for pair', 8, 2.25);
INSERT INTO catalog (item_id, name, description, category, price) VALUES ('459639', 'Kuppmen 5A Carbon Fiber Sticks', 'Strength: 5A - Material: Carbon - Identical weight to wooden sticks - Non-slip surface - Up to 10 times more durable than wooden sticks - Quantity: 1 Pair', 8, 29.00);
INSERT INTO catalog (item_id, name, description, category, price) VALUES ('101793', 'Vater 5A Los Angeles Sticks Wood','Size: 5A - American hickory wood - Wooden tips - Los Angeles - Length: 40.65 cm - Diameter: 14.5 mm - Very well balanced stick, heavier toward the tip for fast response - Good rebound from the drum', 8, 12.80);
INSERT INTO catalog (item_id, name, description, category, price) VALUES ('101759', 'Pro Mark TX5AW 5A Hickory - Wood Tip', 'Size: 5A - Hickory wood - Wooden tips - The quintessential drumstick - Suitable for all music styles - Length: 40.64 cm', 8, 13.90);
INSERT INTO catalog (item_id, name, description, category, price) VALUES ('328580', 'Gretsch Drums Catalina Club Jazz', 'Shell Set - Catalina Club Series - Jazz set - 7-Ply, 100% mahogany shells - Matt lacquered - 30 degrees bearing edge on all shells - GTS free-swinging Tom suspension mount - 1.6 mm hoops - Colour: Satin Walnut Glaze (SWG) - Set configuration: 18" x 14" Bass drum - 12" x 08" Tom Tom - 14" x 14" Floor tom - 14" x 5.5" Snare drum - Set includes Tom holder', 9, 739.00);
INSERT INTO catalog (item_id, name, description, category, price) VALUES ('422807', 'Sonor AQ2 Bop Set WHP', 'Drum shell pack - Shell material: 7-Ply maple shell - Shell hardware: Chrome - Includes tom holder - New SmartMount tom holder system for balanced, optimal sustain with smaller hardware footprint - Colour: White Pearl (foil) - Shell pack consisting of: 18" x 14" Bass drum - 12" x 08" Tom tom - 14" x 13" Floor tom - 14" x 06" Wooden snare drum', 9, 1049.00);
INSERT INTO catalog (item_id, name, description, category, price) VALUES ('433140', 'Yamaha Stage Custom Bop Kit NW', 'Shell set - Stage Custom Series - 6-Ply birch wood shells - High gloss lacquered - Chrome hardware - Y.E.S.S. tom holder system - Absolute tension rods - Steel hoops - Newly designed bass drum feet - Colour: Natural Wood - Shell set consisting of: 18" x 15" bass drum (drilled) - 12" x 08" Tom Tom - 14" x 13" Stand Tom - Includes single tom holder', 9, 698.00);

INSERT INTO tag (tag_id, tag) VALUES (1, 'clothing');
INSERT INTO tag (tag_id, tag) VALUES (2, 'handbag');
INSERT INTO tag (tag_id, tag) VALUES (3, 'jacket');
INSERT INTO tag (tag_id, tag) VALUES (4, 'mug');
INSERT INTO tag (tag_id, tag) VALUES (5, 'coffee cup');
INSERT INTO tag (tag_id, tag) VALUES (6, 'fedora');
INSERT INTO tag (tag_id, tag) VALUES (7, 'hat');
INSERT INTO tag (tag_id, tag) VALUES (8, 'bottle');
INSERT INTO tag (tag_id, tag) VALUES (9, 'backpack');
INSERT INTO tag (tag_id, tag) VALUES (10, 'socks');
INSERT INTO tag (tag_id, tag) VALUES (11, 'pen');
INSERT INTO tag (tag_id, tag) VALUES (12, 'office supplies');
INSERT INTO tag (tag_id, tag) VALUES (13, 'adhesive tape');
INSERT INTO tag (tag_id, tag) VALUES (14, 'stapler');
INSERT INTO tag (tag_id, tag) VALUES (15, 'pencil case');
INSERT INTO tag (tag_id, tag) VALUES (16, 'earrings');
INSERT INTO tag (tag_id, tag) VALUES (17, 'fashion accessory');
INSERT INTO tag (tag_id, tag) VALUES (18, 'headphones');
INSERT INTO tag (tag_id, tag) VALUES (19, 'sports equipment');
INSERT INTO tag (tag_id, tag) VALUES (20, 't-shirt');
INSERT INTO tag (tag_id, tag) VALUES (21, 'uni');
INSERT INTO tag (tag_id, tag) VALUES (22, 'utensils');
INSERT INTO tag (tag_id, tag) VALUES (23, 'bag');
INSERT INTO tag (tag_id, tag) VALUES (24, 'cap');
INSERT INTO tag (tag_id, tag) VALUES (25, 'men');
INSERT INTO tag (tag_id, tag) VALUES (26, 'women');
INSERT INTO tag (tag_id, tag) VALUES (27, 'pin');
INSERT INTO tag (tag_id, tag) VALUES (28, 'lanyard');
INSERT INTO tag (tag_id, tag) VALUES (29, 'keychain');
INSERT INTO tag (tag_id, tag) VALUES (30, 'headphones');
INSERT INTO tag (tag_id, tag) VALUES (31, 'mat');
INSERT INTO tag (tag_id, tag) VALUES (32, 'drum sticks 5A');
INSERT INTO tag (tag_id, tag) VALUES (33, 'drum shell sets');

INSERT INTO catalog_tag (item_id,tag_id) VALUES ('329299', 1);
INSERT INTO catalog_tag (item_id,tag_id) VALUES ('329299', 20);
INSERT INTO catalog_tag (item_id,tag_id) VALUES ('329299', 21);
INSERT INTO catalog_tag (item_id,tag_id) VALUES ('329299', 25);
INSERT INTO catalog_tag (item_id,tag_id) VALUES ('329199', 1);
INSERT INTO catalog_tag (item_id,tag_id) VALUES ('329199', 20);
INSERT INTO catalog_tag (item_id,tag_id) VALUES ('329199', 21);
INSERT INTO catalog_tag (item_id,tag_id) VALUES ('329199', 25);
INSERT INTO catalog_tag (item_id,tag_id) VALUES ('165613', 1);
INSERT INTO catalog_tag (item_id,tag_id) VALUES ('165613', 10);
INSERT INTO catalog_tag (item_id,tag_id) VALUES ('165613', 21);
INSERT INTO catalog_tag (item_id,tag_id) VALUES ('165614', 8);
INSERT INTO catalog_tag (item_id,tag_id) VALUES ('165614', 22);
INSERT INTO catalog_tag (item_id,tag_id) VALUES ('165954', 9);
INSERT INTO catalog_tag (item_id,tag_id) VALUES ('165954', 23);
INSERT INTO catalog_tag (item_id,tag_id) VALUES ('444434', 1);
INSERT INTO catalog_tag (item_id,tag_id) VALUES ('444434', 20);
INSERT INTO catalog_tag (item_id,tag_id) VALUES ('444434', 21);
INSERT INTO catalog_tag (item_id,tag_id) VALUES ('444434', 25);
INSERT INTO catalog_tag (item_id,tag_id) VALUES ('444435', 1);
INSERT INTO catalog_tag (item_id,tag_id) VALUES ('444435', 24);
INSERT INTO catalog_tag (item_id,tag_id) VALUES ('RHNL-006', 1);
INSERT INTO catalog_tag (item_id,tag_id) VALUES ('RHNL-006', 20);
INSERT INTO catalog_tag (item_id,tag_id) VALUES ('RHNL-006', 21);
INSERT INTO catalog_tag (item_id,tag_id) VALUES ('RHNL-006', 25);
INSERT INTO catalog_tag (item_id,tag_id) VALUES ('RHNL-018', 1);
INSERT INTO catalog_tag (item_id,tag_id) VALUES ('RHNL-018', 20);
INSERT INTO catalog_tag (item_id,tag_id) VALUES ('RHNL-018', 21);
INSERT INTO catalog_tag (item_id,tag_id) VALUES ('RHNL-018', 25);
INSERT INTO catalog_tag (item_id,tag_id) VALUES ('RHNL-007', 1);
INSERT INTO catalog_tag (item_id,tag_id) VALUES ('RHNL-007', 25);
INSERT INTO catalog_tag (item_id,tag_id) VALUES ('RHNL-017', 1);
INSERT INTO catalog_tag (item_id,tag_id) VALUES ('RHNL-017', 21);
INSERT INTO catalog_tag (item_id,tag_id) VALUES ('RHNL-017', 25);
INSERT INTO catalog_tag (item_id,tag_id) VALUES ('RHNL-009', 1);
INSERT INTO catalog_tag (item_id,tag_id) VALUES ('RHNL-009', 3);
INSERT INTO catalog_tag (item_id,tag_id) VALUES ('RHNL-009', 21);
INSERT INTO catalog_tag (item_id,tag_id) VALUES ('RHNL-011', 2);
INSERT INTO catalog_tag (item_id,tag_id) VALUES ('RHNL-011', 23);
INSERT INTO catalog_tag (item_id,tag_id) VALUES ('RHNL-002', 4);
INSERT INTO catalog_tag (item_id,tag_id) VALUES ('RHNL-002', 5);
INSERT INTO catalog_tag (item_id,tag_id) VALUES ('RHNL-002', 22);
INSERT INTO catalog_tag (item_id,tag_id) VALUES ('RHNL-004', 5);
INSERT INTO catalog_tag (item_id,tag_id) VALUES ('RHNL-004', 22);
INSERT INTO catalog_tag (item_id,tag_id) VALUES ('RHNL-016', 5);
INSERT INTO catalog_tag (item_id,tag_id) VALUES ('RHNL-016', 22);
INSERT INTO catalog_tag (item_id,tag_id) VALUES ('RHNL-005', 8);
INSERT INTO catalog_tag (item_id,tag_id) VALUES ('RHNL-005', 22);
INSERT INTO catalog_tag (item_id,tag_id) VALUES ('RHNL-015', 17);
INSERT INTO catalog_tag (item_id,tag_id) VALUES ('RHNAM-257', 27);
INSERT INTO catalog_tag (item_id,tag_id) VALUES ('RHNAM-257', 17);
INSERT INTO catalog_tag (item_id,tag_id) VALUES ('RHNAM-023E-RED', 1);
INSERT INTO catalog_tag (item_id,tag_id) VALUES ('RHNAM-023E-RED', 24);
INSERT INTO catalog_tag (item_id,tag_id) VALUES ('RHNAM-234', 1);
INSERT INTO catalog_tag (item_id,tag_id) VALUES ('RHNAM-234', 20);
INSERT INTO catalog_tag (item_id,tag_id) VALUES ('RHNAM-234', 26);
INSERT INTO catalog_tag (item_id,tag_id) VALUES ('RHNAM-233', 1);
INSERT INTO catalog_tag (item_id,tag_id) VALUES ('RHNAM-233', 20);
INSERT INTO catalog_tag (item_id,tag_id) VALUES ('RHNAM-233', 21);
INSERT INTO catalog_tag (item_id,tag_id) VALUES ('RHNAM-231', 1);
INSERT INTO catalog_tag (item_id,tag_id) VALUES ('RHNAM-231', 24);
INSERT INTO catalog_tag (item_id,tag_id) VALUES ('RHNAM-232', 1);
INSERT INTO catalog_tag (item_id,tag_id) VALUES ('RHNAM-232', 24);
INSERT INTO catalog_tag (item_id,tag_id) VALUES ('RHNAM-232', 26);
INSERT INTO catalog_tag (item_id,tag_id) VALUES ('RHNAM-465', 1);
INSERT INTO catalog_tag (item_id,tag_id) VALUES ('RHNAM-465', 20);
INSERT INTO catalog_tag (item_id,tag_id) VALUES ('RHNAM-465', 21);
INSERT INTO catalog_tag (item_id,tag_id) VALUES ('RHNAM-255', 1);
INSERT INTO catalog_tag (item_id,tag_id) VALUES ('RHNAM-255', 20);
INSERT INTO catalog_tag (item_id,tag_id) VALUES ('RHNAM-255', 21);
INSERT INTO catalog_tag (item_id,tag_id) VALUES ('RHNAM-179', 1);
INSERT INTO catalog_tag (item_id,tag_id) VALUES ('RHNAM-179', 21);
INSERT INTO catalog_tag (item_id,tag_id) VALUES ('RHNAM-179', 24);
INSERT INTO catalog_tag (item_id,tag_id) VALUES ('RHNAM-222', 1);
INSERT INTO catalog_tag (item_id,tag_id) VALUES ('RHNAM-222', 20);
INSERT INTO catalog_tag (item_id,tag_id) VALUES ('RHNAM-222', 21);
INSERT INTO catalog_tag (item_id,tag_id) VALUES ('RHNAM-245', 11);
INSERT INTO catalog_tag (item_id,tag_id) VALUES ('RHNAM-245', 12);
INSERT INTO catalog_tag (item_id,tag_id) VALUES ('RHNAM-249', 12);
INSERT INTO catalog_tag (item_id,tag_id) VALUES ('RHNAM-249', 28);
INSERT INTO catalog_tag (item_id,tag_id) VALUES ('RHNAM-094-WHT', 12);
INSERT INTO catalog_tag (item_id,tag_id) VALUES ('RHNAM-042E', 17);
INSERT INTO catalog_tag (item_id,tag_id) VALUES ('RHNAM-042E', 29);
INSERT INTO catalog_tag (item_id,tag_id) VALUES ('RHNAM-239', 12);
INSERT INTO catalog_tag (item_id,tag_id) VALUES ('RHNAM-250', 4);
INSERT INTO catalog_tag (item_id,tag_id) VALUES ('RHNAM-250', 5);
INSERT INTO catalog_tag (item_id,tag_id) VALUES ('RHNAM-250', 22);
INSERT INTO catalog_tag (item_id,tag_id) VALUES ('RHNAM-095-RED', 11);
INSERT INTO catalog_tag (item_id,tag_id) VALUES ('RHNAM-095-RED', 12);
INSERT INTO catalog_tag (item_id,tag_id) VALUES ('RHNAM-095-RED', 13);
INSERT INTO catalog_tag (item_id,tag_id) VALUES ('RHNAM-095-RED', 14);
INSERT INTO catalog_tag (item_id,tag_id) VALUES ('RHNAM-095-RED', 15);
INSERT INTO catalog_tag (item_id,tag_id) VALUES ('RHNAM-240', 8);
INSERT INTO catalog_tag (item_id,tag_id) VALUES ('RHNAM-240', 22);
INSERT INTO catalog_tag (item_id,tag_id) VALUES ('RHNAM-054E-RED', 16);
INSERT INTO catalog_tag (item_id,tag_id) VALUES ('RHNAM-054E-RED', 17);
INSERT INTO catalog_tag (item_id,tag_id) VALUES ('RHNAM-252-BLK', 18);
INSERT INTO catalog_tag (item_id,tag_id) VALUES ('RHNAM-252-BLK', 30);
INSERT INTO catalog_tag (item_id,tag_id) VALUES ('RHNAM-219-BLKGRY', 19);
INSERT INTO catalog_tag (item_id,tag_id) VALUES ('RHNAM-219-BLKGRY', 31);
INSERT INTO catalog_tag (item_id,tag_id) VALUES ('RHNL-008', 12);
INSERT INTO catalog_tag (item_id,tag_id) VALUES ('444437', 12);
INSERT INTO catalog_tag (item_id,tag_id) VALUES ('101808', 32);
INSERT INTO catalog_tag (item_id,tag_id) VALUES ('144011', 32);
INSERT INTO catalog_tag (item_id,tag_id) VALUES ('459639', 32);
INSERT INTO catalog_tag (item_id,tag_id) VALUES ('101793', 32);
INSERT INTO catalog_tag (item_id,tag_id) VALUES ('101759', 32);
INSERT INTO catalog_tag (item_id,tag_id) VALUES ('328580', 33);
INSERT INTO catalog_tag (item_id,tag_id) VALUES ('422807', 33);
INSERT INTO catalog_tag (item_id,tag_id) VALUES ('433140', 33);

INSERT INTO public.customer (id, user_id, first_name, last_name, email, phone) VALUES (1, 'estout', 'Eliana', 'Stout', 'estout@email.com', '(317) 652-2229');
INSERT INTO public.address (cust_id, address1, address2, city, zip, state, country) VALUES (1, '28 Cedar Crest', '', 'Gresham', '68367', 'NE', 'USA');

INSERT INTO public.customer (id, user_id, first_name, last_name, email, phone) VALUES (2, 'athompson', 'Ariadna', 'Thompson', 'athompson@topvibe.com', '(425) 156-5982');
INSERT INTO public.address (cust_id, address1, address2, city, zip, state, country) VALUES (2, '30 Oakwood Place', '', 'Meadow Oaks', '34669', 'FL', 'USA');

INSERT INTO public.customer (id, user_id, first_name, last_name, email, phone) VALUES (3, 'jcarroll', 'Jaxon', 'Carroll', 'jcarroll@yihaa.com', '(912) 407-4028');
INSERT INTO public.address (cust_id, address1, address2, city, zip, state, country) VALUES (3, '44 Sequoia Boulevard', '', 'Ashton', '51232', 'IA', 'USA');

INSERT INTO public.customer (id, user_id, first_name, last_name, email, phone) VALUES (4, 'rhoffman', 'Ricardo', 'Hoffman', 'rhoffman@random.com', '(571) 300-6113');
INSERT INTO public.address (cust_id, address1, address2, city, zip, state, country) VALUES (4, '55 Redwood Avenue', '', 'Copeland', '67837', 'KS', 'USA');

INSERT INTO public.customer (id, user_id, first_name, last_name, email, phone) VALUES (5, 'efisher', 'Ellis', 'Fisher', 'efisher@yihaa.com', '(213) 137-0756');
INSERT INTO public.address (cust_id, address1, address2, city, zip, state, country) VALUES (5, '15 Grove Street', '', 'Genola', '84655', 'UT', 'USA');

INSERT INTO public.customer (id, user_id, first_name, last_name, email, phone) VALUES (6, 'cwatson', 'Clara', 'Watson', 'cwatson@zmail.com', '(506) 771-3700');
INSERT INTO public.address (cust_id, address1, address2, city, zip, state, country) VALUES (6, '61 Birch Circle', '', 'SUNY Oswego', '13126', 'NY', 'USA');

INSERT INTO public.customer (id, user_id, first_name, last_name, email, phone) VALUES (7, 'eortiz', 'Emily', 'Ortiz', 'eortiz@forfree.com', '(902) 832-9964');
INSERT INTO public.address (cust_id, address1, address2, city, zip, state, country) VALUES (7, '12 Oakwood Place', '', 'Marlboro', '44601', 'OH', 'USA');

INSERT INTO public.customer (id, user_id, first_name, last_name, email, phone) VALUES (8, 'jstewart', 'Josiah', 'Stewart', 'jstewart@zmail.com', '(608) 968-9902');
INSERT INTO public.address (cust_id, address1, address2, city, zip, state, country) VALUES (8, '24 Cedar Court', '', 'Spring Gap', '21502', 'MD', 'USA');

INSERT INTO public.customer (id, user_id, first_name, last_name, email, phone) VALUES (9, 'zcole', 'Zachary', 'Cole', 'zcole@random.com', '(217) 424-8416');
INSERT INTO public.address (cust_id, address1, address2, city, zip, state, country) VALUES (9, '32 Sequoia Boulevard', '', 'Canterwood', '98332', 'WA', 'USA');

INSERT INTO public.customer (id, user_id, first_name, last_name, email, phone) VALUES (10, 'hmcdonald', 'Hudson', 'Mcdonald', 'hmcdonald@zmail.com', '(916) 977-6449');
INSERT INTO public.address (cust_id, address1, address2, city, zip, state, country) VALUES (10, '1 Laurel Lane', '', 'Wilson', '54027', 'WI', 'USA');

INSERT INTO public.customer (id, user_id, first_name, last_name, email, phone) VALUES (11, 'mmorris', 'Mar', 'Morris', 'mmorris@directtrust.com', '(551) 982-8787');
INSERT INTO public.address (cust_id, address1, address2, city, zip, state, country) VALUES (11, '76 Walnut Grove', '', 'Pinch', '25071', 'WV', 'USA');

INSERT INTO public.customer (id, user_id, first_name, last_name, email, phone) VALUES (12, 'kkim', 'Kian', 'Kim', 'kkim@superbest.com', '(424) 469-9169');
INSERT INTO public.address (cust_id, address1, address2, city, zip, state, country) VALUES (12, '32 Aspen Lane', '', 'Waterloo', '46793', 'IN', 'USA');

INSERT INTO public.customer (id, user_id, first_name, last_name, email, phone) VALUES (13, 'gmclaughlin', 'Gaspar', 'Mclaughlin', 'gmclaughlin@random.com', '(463) 673-9205');
INSERT INTO public.address (cust_id, address1, address2, city, zip, state, country) VALUES (13, '86 Walnut Grove', '', 'Aucilla', '32344', 'FL', 'USA');

INSERT INTO public.customer (id, user_id, first_name, last_name, email, phone) VALUES (14, 'ecruz', 'Elsie', 'Cruz', 'ecruz@topvibe.com', '(720) 575-0716');
INSERT INTO public.address (cust_id, address1, address2, city, zip, state, country) VALUES (14, '99 Redwood Avenue', '', 'Eyota', '55934', 'MN', 'USA');

INSERT INTO public.customer (id, user_id, first_name, last_name, email, phone) VALUES (15, 'rmccormick', 'River', 'Mccormick', 'rmccormick@random.com', '(702) 879-0080');
INSERT INTO public.address (cust_id, address1, address2, city, zip, state, country) VALUES (15, '37 Sycamore Way', '', 'Leonard', '58052', 'ND', 'USA');

INSERT INTO public.customer (id, user_id, first_name, last_name, email, phone) VALUES (16, 'lrodriguez', 'Leila', 'Rodriguez', 'lrodriguez@yihaa.com', '(340) 429-0582');
INSERT INTO public.address (cust_id, address1, address2, city, zip, state, country) VALUES (16, '63 Olive Drive', '', 'Chesterbrook', '19087', 'PA', 'USA');

INSERT INTO public.customer (id, user_id, first_name, last_name, email, phone) VALUES (17, 'slopez', 'Skylar', 'Lopez', 'slopez@firstsimple.com', '(607) 045-0086');
INSERT INTO public.address (cust_id, address1, address2, city, zip, state, country) VALUES (17, '2 Mahogany Way', '', 'Lansing', '60438', 'IL', 'USA');

INSERT INTO public.customer (id, user_id, first_name, last_name, email, phone) VALUES (18, 'phernandez', 'Plácido', 'Hernandez', 'phernandez@forfree.com', '(808) 426-4212');
INSERT INTO public.address (cust_id, address1, address2, city, zip, state, country) VALUES (18, '65 Oakwood Place', '', 'Belk', '35545', 'AL', 'USA');

INSERT INTO public.customer (id, user_id, first_name, last_name, email, phone) VALUES (19, 'amurphy', 'Ariadna', 'Murphy', 'amurphy@forfree.com', '(442) 496-0706');
INSERT INTO public.address (cust_id, address1, address2, city, zip, state, country) VALUES (19, '56 Cedar Crest', '', 'Casar', '28020', 'NC', 'USA');

INSERT INTO public.customer (id, user_id, first_name, last_name, email, phone) VALUES (20, 'ascott', 'Abel', 'Scott', 'ascott@forfree.com', '(301) 033-9045');
INSERT INTO public.address (cust_id, address1, address2, city, zip, state, country) VALUES (20, '29 Hawthorn Drive', '', 'Doe Run', '63601', 'MO', 'USA');

INSERT INTO public.customer (id, user_id, first_name, last_name, email, phone) VALUES (21, 'rwest', 'Ryan', 'West', 'rwest@zmail.com', '(973) 620-2699');
INSERT INTO public.address (cust_id, address1, address2, city, zip, state, country) VALUES (21, '87 Oakwood Place', '', 'Galion', '44833', 'OH', 'USA');

INSERT INTO public.customer (id, user_id, first_name, last_name, email, phone) VALUES (22, 'ssalazar', 'Sophie', 'Salazar', 'ssalazar@firstsimple.com', '(847) 636-2340');
INSERT INTO public.address (cust_id, address1, address2, city, zip, state, country) VALUES (22, '36 Hawthorn Drive', '', 'Cairo', '68824', 'NE', 'USA');

INSERT INTO public.customer (id, user_id, first_name, last_name, email, phone) VALUES (23, 'aandrews', 'Alana', 'Andrews', 'aandrews@topgreatest.com', '(865) 376-3008');
INSERT INTO public.address (cust_id, address1, address2, city, zip, state, country) VALUES (23, '30 Acorn Avenue', '', 'Shenandoah', '70817', 'LA', 'USA');

INSERT INTO public.customer (id, user_id, first_name, last_name, email, phone) VALUES (24, 'soliver', 'Sadie', 'Oliver', 'soliver@yihaa.com', '(231) 400-7679');
INSERT INTO public.address (cust_id, address1, address2, city, zip, state, country) VALUES (24, '43 Elmwood Terrace', '', 'Groveland', '83221', 'ID', 'USA');

INSERT INTO public.customer (id, user_id, first_name, last_name, email, phone) VALUES (25, 'emaddox', 'Elsie', 'Maddox', 'emaddox@topvibe.com', '(931) 364-8703');
INSERT INTO public.address (cust_id, address1, address2, city, zip, state, country) VALUES (25, '18 Spruce Ridge', '', 'Lake Butler', '34786', 'FL', 'USA');

INSERT INTO public.customer (id, user_id, first_name, last_name, email, phone) VALUES (26, 'scrane', 'Samuel', 'Crane', 'scrane@random.com', '(770) 547-8823');
INSERT INTO public.address (cust_id, address1, address2, city, zip, state, country) VALUES (26, '86 Poplar Terrace', '', 'Esterbrook', '82633', 'WY', 'USA');

INSERT INTO public.customer (id, user_id, first_name, last_name, email, phone) VALUES (27, 'gjohnson', 'Gil', 'Johnson', 'gjohnson@firstsimple.com', '(213) 988-5087');
INSERT INTO public.address (cust_id, address1, address2, city, zip, state, country) VALUES (27, '66 Oak Drive', '', 'Briggs', '74464', 'OK', 'USA');

INSERT INTO public.customer (id, user_id, first_name, last_name, email, phone) VALUES (28, 'vlevy', 'Victoria', 'Levy', 'vlevy@forfree.com', '(702) 480-9820');
INSERT INTO public.address (cust_id, address1, address2, city, zip, state, country) VALUES (28, '86 Aspen Lane', '', 'Stallion Springs', '93561', 'CA', 'USA');

INSERT INTO public.customer (id, user_id, first_name, last_name, email, phone) VALUES (29, 'cprice', 'Charlotte', 'Price', 'cprice@yihaa.com', '(931) 914-0890');
INSERT INTO public.address (cust_id, address1, address2, city, zip, state, country) VALUES (29, '22 Aspen Lane', '', 'Deloit', '51441', 'IA', 'USA');

INSERT INTO public.customer (id, user_id, first_name, last_name, email, phone) VALUES (30, 'nfreeman', 'Nazario', 'Freeman', 'nfreeman@topvibe.com', '(437) 839-8985');
INSERT INTO public.address (cust_id, address1, address2, city, zip, state, country) VALUES (30, '55 Spruce Ridge', '', 'Freeport', '43973', 'OH', 'USA');

INSERT INTO public.customer (id, user_id, first_name, last_name, email, phone) VALUES (31, 'rcox', 'Ryan', 'Cox', 'rcox@email.com', '(475) 806-6993');
INSERT INTO public.address (cust_id, address1, address2, city, zip, state, country) VALUES (31, '82 Redwood Trail', '', 'Oak Glen', '92399', 'CA', 'USA');

INSERT INTO public.customer (id, user_id, first_name, last_name, email, phone) VALUES (32, 'rpeterson', 'Ryan', 'Peterson', 'rpeterson@forfree.com', '(404) 383-9233');
INSERT INTO public.address (cust_id, address1, address2, city, zip, state, country) VALUES (32, '22 Magnolia Street', '', 'Camden Point', '64018', 'MO', 'USA');

INSERT INTO public.customer (id, user_id, first_name, last_name, email, phone) VALUES (33, 'iscott', 'Ileana', 'Scott', 'iscott@zmail.com', '(541) 809-2503');
INSERT INTO public.address (cust_id, address1, address2, city, zip, state, country) VALUES (33, '2 Maple Lane', '', 'Lyons Switch', '74960', 'OK', 'USA');

INSERT INTO public.customer (id, user_id, first_name, last_name, email, phone) VALUES (34, 'afreeman', 'Azahar', 'Freeman', 'afreeman@yihaa.com', '(580) 277-8307');
INSERT INTO public.address (cust_id, address1, address2, city, zip, state, country) VALUES (34, '96 Spruce Place', '', 'Wheatcroft', '42463', 'KY', 'USA');

INSERT INTO public.customer (id, user_id, first_name, last_name, email, phone) VALUES (35, 'acopeland', 'Asher', 'Copeland', 'acopeland@random.com', '(902) 403-0775');
INSERT INTO public.address (cust_id, address1, address2, city, zip, state, country) VALUES (35, '2 Willow Lane', '', 'East Camden', '71701', 'AR', 'USA');

INSERT INTO public.customer (id, user_id, first_name, last_name, email, phone) VALUES (36, 'vflores', 'Verónica', 'Flores', 'vflores@yihaa.com', '(323) 608-8744');
INSERT INTO public.address (cust_id, address1, address2, city, zip, state, country) VALUES (36, '32 Cypress Point', '', 'Prue', '74060', 'OK', 'USA');

INSERT INTO public.customer (id, user_id, first_name, last_name, email, phone) VALUES (37, 'cavila', 'Camden', 'Avila', 'cavila@yihaa.com', '(815) 438-9720');
INSERT INTO public.address (cust_id, address1, address2, city, zip, state, country) VALUES (37, '86 Oakwood Place', '', 'Oldtown', '21555', 'MD', 'USA');

INSERT INTO public.customer (id, user_id, first_name, last_name, email, phone) VALUES (38, 'ojohnson', 'Orion', 'Johnson', 'ojohnson@zmail.com', '(857) 841-0927');
INSERT INTO public.address (cust_id, address1, address2, city, zip, state, country) VALUES (38, '83 Chestnut Lane', '', 'Perry Hall', '21236', 'MD', 'USA');

INSERT INTO public.customer (id, user_id, first_name, last_name, email, phone) VALUES (39, 'sfuller', 'Skylar', 'Fuller', 'sfuller@firstsimple.com', '(724) 735-9898');
INSERT INTO public.address (cust_id, address1, address2, city, zip, state, country) VALUES (39, '96 Chestnut Lane', '', 'Albany', '64402', 'MO', 'USA');

INSERT INTO public.customer (id, user_id, first_name, last_name, email, phone) VALUES (40, 'fperry', 'Fiona', 'Perry', 'fperry@directtrust.com', '(409) 290-9974');
INSERT INTO public.address (cust_id, address1, address2, city, zip, state, country) VALUES (40, '5 Cypress Point', '', 'Pennsburg', '18073', 'PA', 'USA');

INSERT INTO public.customer (id, user_id, first_name, last_name, email, phone) VALUES (41, 'sgriffith', 'Severo', 'Griffith', 'sgriffith@firstsimple.com', '(709) 393-5784');
INSERT INTO public.address (cust_id, address1, address2, city, zip, state, country) VALUES (41, '77 Chestnut Street', '', 'Smoke Rise', '35180', 'AL', 'USA');

INSERT INTO public.customer (id, user_id, first_name, last_name, email, phone) VALUES (42, 'fcantu', 'Felipa', 'Cantu', 'fcantu@email.com', '(343) 751-6661');
INSERT INTO public.address (cust_id, address1, address2, city, zip, state, country) VALUES (42, '73 Juniper Court', '', 'Falconer', '14733', 'NY', 'USA');

INSERT INTO public.customer (id, user_id, first_name, last_name, email, phone) VALUES (43, 'jchapman', 'Jose', 'Chapman', 'jchapman@superbest.com', '(984) 041-3280');
INSERT INTO public.address (cust_id, address1, address2, city, zip, state, country) VALUES (43, '11 Cedar Crest', '', 'Harrisburg', '69345', 'NE', 'USA');

INSERT INTO public.customer (id, user_id, first_name, last_name, email, phone) VALUES (44, 'mmiller', 'Madeline', 'Miller', 'mmiller@topvibe.com', '(613) 828-4308');
INSERT INTO public.address (cust_id, address1, address2, city, zip, state, country) VALUES (44, '51 Hawthorn Drive', '', 'North Lawrence', '44666', 'OH', 'USA');

INSERT INTO public.customer (id, user_id, first_name, last_name, email, phone) VALUES (45, 'amccarthy', 'Anneliese', 'Mccarthy', 'amccarthy@forfree.com', '(575) 025-5208');
INSERT INTO public.address (cust_id, address1, address2, city, zip, state, country) VALUES (45, '14 Mulberry Circle', '', 'Fruitport', '49415', 'MI', 'USA');

INSERT INTO public.customer (id, user_id, first_name, last_name, email, phone) VALUES (46, 'blee', 'Blake', 'Lee', 'blee@superbest.com', '(602) 238-8820');
INSERT INTO public.address (cust_id, address1, address2, city, zip, state, country) VALUES (46, '67 Dogwood Lane', '', 'Petronila', '78343', 'TX', 'USA');

INSERT INTO public.customer (id, user_id, first_name, last_name, email, phone) VALUES (47, 'asilva', 'Addison', 'Silva', 'asilva@email.com', '(506) 125-2015');
INSERT INTO public.address (cust_id, address1, address2, city, zip, state, country) VALUES (47, '78 Magnolia Court', '', 'Daniel', '84032', 'UT', 'USA');

INSERT INTO public.customer (id, user_id, first_name, last_name, email, phone) VALUES (48, 'ohunter', 'Ovidio', 'Hunter', 'ohunter@firstsimple.com', '(417) 522-5880');
INSERT INTO public.address (cust_id, address1, address2, city, zip, state, country) VALUES (48, '37 Sycamore Way', '', 'Frystown', '17067', 'PA', 'USA');

INSERT INTO public.customer (id, user_id, first_name, last_name, email, phone) VALUES (49, 'etaylor', 'Elise', 'Taylor', 'etaylor@forfree.com', '(816) 464-5001');
INSERT INTO public.address (cust_id, address1, address2, city, zip, state, country) VALUES (49, '51 Oakwood Place', '', 'Mount Laguna', '91948', 'CA', 'USA');

INSERT INTO public.customer (id, user_id, first_name, last_name, email, phone) VALUES (50, 'asanders', 'Audrey', 'Sanders', 'asanders@topgreatest.com', '(343) 637-4059');
INSERT INTO public.address (cust_id, address1, address2, city, zip, state, country) VALUES (50, '100 Holly Hill', '', 'Culebra', '00775', 'PR', 'USA');

INSERT INTO public.customer (id, user_id, first_name, last_name, email, phone) VALUES (51, 'lyoder', 'Lina', 'Yoder', 'lyoder@forfree.com', '(272) 947-5302');
INSERT INTO public.address (cust_id, address1, address2, city, zip, state, country) VALUES (51, '34 Magnolia Court', '', 'Miami Shores', '33141', 'FL', 'USA');

INSERT INTO public.customer (id, user_id, first_name, last_name, email, phone) VALUES (52, 'pgomez', 'Phoenix', 'Gomez', 'pgomez@superbest.com', '(678) 213-4302');
INSERT INTO public.address (cust_id, address1, address2, city, zip, state, country) VALUES (52, '11 Cedar Court', '', 'Iona', '83427', 'ID', 'USA');

INSERT INTO public.customer (id, user_id, first_name, last_name, email, phone) VALUES (53, 'sbutler', 'Samuel', 'Butler', 'sbutler@forfree.com', '(704) 974-4184');
INSERT INTO public.address (cust_id, address1, address2, city, zip, state, country) VALUES (53, '68 Pinecrest Drive', '', 'Machesney Park', '61115', 'IL', 'USA');

INSERT INTO public.customer (id, user_id, first_name, last_name, email, phone) VALUES (54, 'nhobbs', 'Noa', 'Hobbs', 'nhobbs@forfree.com', '(984) 151-7943');
INSERT INTO public.address (cust_id, address1, address2, city, zip, state, country) VALUES (54, '12 Pine Road', '', 'Lawrenceburg', '47025', 'IN', 'USA');

INSERT INTO public.customer (id, user_id, first_name, last_name, email, phone) VALUES (55, 'mmurray', 'Mia', 'Murray', 'mmurray@forfree.com', '(204) 497-0242');
INSERT INTO public.address (cust_id, address1, address2, city, zip, state, country) VALUES (55, '87 Hickory Hollow', '', 'Seneca', '16346', 'PA', 'USA');

INSERT INTO public.customer (id, user_id, first_name, last_name, email, phone) VALUES (56, 'fboone', 'Fidel', 'Boone', 'fboone@yihaa.com', '(787) 499-8059');
INSERT INTO public.address (cust_id, address1, address2, city, zip, state, country) VALUES (56, '62 Olive Drive', '', 'Taft Southwest', '78390', 'TX', 'USA');

INSERT INTO public.customer (id, user_id, first_name, last_name, email, phone) VALUES (57, 'lcruz', 'Lillian', 'Cruz', 'lcruz@superbest.com', '(805) 965-4130');
INSERT INTO public.address (cust_id, address1, address2, city, zip, state, country) VALUES (57, '8 Ash Street', '', 'Berlin', '44654', 'OH', 'USA');

INSERT INTO public.customer (id, user_id, first_name, last_name, email, phone) VALUES (58, 'eavila', 'Elise', 'Avila', 'eavila@topvibe.com', '(307) 924-2724');
INSERT INTO public.address (cust_id, address1, address2, city, zip, state, country) VALUES (58, '94 Holly Hill', '', 'Trinity', '34655', 'FL', 'USA');

INSERT INTO public.customer (id, user_id, first_name, last_name, email, phone) VALUES (59, 'brivera', 'Blake', 'Rivera', 'brivera@directtrust.com', '(907) 093-6617');
INSERT INTO public.address (cust_id, address1, address2, city, zip, state, country) VALUES (59, '51 Grove Street', '', 'Derma', '38916', 'MS', 'USA');

INSERT INTO public.customer (id, user_id, first_name, last_name, email, phone) VALUES (60, 'hnguyen', 'Hazel', 'Nguyen', 'hnguyen@firstsimple.com', '(256) 101-4145');
INSERT INTO public.address (cust_id, address1, address2, city, zip, state, country) VALUES (60, '60 Holly Hill', '', 'Ramah', '87321', 'NM', 'USA');

INSERT INTO public.customer (id, user_id, first_name, last_name, email, phone) VALUES (61, 'nphd', 'Nicholas', 'PhD', 'nphd@topgreatest.com', '(859) 492-3186');
INSERT INTO public.address (cust_id, address1, address2, city, zip, state, country) VALUES (61, '56 Sequoia Boulevard', '', 'Chesapeake', '23325', 'VA', 'USA');

INSERT INTO public.customer (id, user_id, first_name, last_name, email, phone) VALUES (62, 'lroberson', 'Lillian', 'Roberson', 'lroberson@email.com', '(934) 807-7123');
INSERT INTO public.address (cust_id, address1, address2, city, zip, state, country) VALUES (62, '7 Willow Lane', '', 'Whelen Springs', '71772', 'AR', 'USA');

INSERT INTO public.customer (id, user_id, first_name, last_name, email, phone) VALUES (63, 'onorris', 'Orion', 'Norris', 'onorris@yihaa.com', '(580) 448-5930');
INSERT INTO public.address (cust_id, address1, address2, city, zip, state, country) VALUES (63, '70 Cedar Crest', '', 'Excursion Inlet', '99827', 'AK', 'USA');

INSERT INTO public.customer (id, user_id, first_name, last_name, email, phone) VALUES (64, 'mmaddox', 'Mar', 'Maddox', 'mmaddox@email.com', '(301) 225-7595');
INSERT INTO public.address (cust_id, address1, address2, city, zip, state, country) VALUES (64, '93 Magnolia Street', '', 'Thayne', '83127', 'WY', 'USA');

INSERT INTO public.customer (id, user_id, first_name, last_name, email, phone) VALUES (65, 'ebryant', 'Evangeline', 'Bryant', 'ebryant@zmail.com', '(334) 576-5524');
INSERT INTO public.address (cust_id, address1, address2, city, zip, state, country) VALUES (65, '10 Sequoia Boulevard', '', 'Eatontown', '07724', 'NJ', 'USA');

INSERT INTO public.customer (id, user_id, first_name, last_name, email, phone) VALUES (66, 'ehobbs', 'Eloise', 'Hobbs', 'ehobbs@topvibe.com', '(912) 495-9603');
INSERT INTO public.address (cust_id, address1, address2, city, zip, state, country) VALUES (66, '62 Spruce Ridge', '', 'Merrimac', '53561', 'WI', 'USA');

INSERT INTO public.customer (id, user_id, first_name, last_name, email, phone) VALUES (67, 'pparker', 'Paisley', 'Parker', 'pparker@topgreatest.com', '(307) 339-4033');
INSERT INTO public.address (cust_id, address1, address2, city, zip, state, country) VALUES (67, '58 Redwood Trail', '', 'Culver', '97734', 'OR', 'USA');

INSERT INTO public.customer (id, user_id, first_name, last_name, email, phone) VALUES (68, 'cmosley', 'Christopher', 'Mosley', 'cmosley@yihaa.com', '(818) 122-7053');
INSERT INTO public.address (cust_id, address1, address2, city, zip, state, country) VALUES (68, '27 Cypress Point', '', 'Petersburg', '47567', 'IN', 'USA');

INSERT INTO public.customer (id, user_id, first_name, last_name, email, phone) VALUES (69, 'laustin', 'Landon', 'Austin', 'laustin@firstsimple.com', '(351) 531-7870');
INSERT INTO public.address (cust_id, address1, address2, city, zip, state, country) VALUES (69, '73 Pine Road', '', 'Loomis', '48617', 'MI', 'USA');

INSERT INTO public.customer (id, user_id, first_name, last_name, email, phone) VALUES (70, 'cjones', 'Clara', 'Jones', 'cjones@zmail.com', '(639) 321-6939');
INSERT INTO public.address (cust_id, address1, address2, city, zip, state, country) VALUES (70, '50 Cedar Ridge', '', 'McMullin', '24354', 'VA', 'USA');

INSERT INTO public.customer (id, user_id, first_name, last_name, email, phone) VALUES (71, 'ebaldwin', 'Eliza', 'Baldwin', 'ebaldwin@random.com', '(531) 303-8482');
INSERT INTO public.address (cust_id, address1, address2, city, zip, state, country) VALUES (71, '84 Redwood Trail', '', 'Munsey Park', '11030', 'NY', 'USA');

INSERT INTO public.customer (id, user_id, first_name, last_name, email, phone) VALUES (72, 'award', 'Aurora', 'Ward', 'award@topvibe.com', '(579) 706-6718');
INSERT INTO public.address (cust_id, address1, address2, city, zip, state, country) VALUES (72, '88 Spruce Ridge', '', 'Aiea', '96701', 'HI', 'USA');

INSERT INTO public.customer (id, user_id, first_name, last_name, email, phone) VALUES (73, 'ledwards', 'Landon', 'Edwards', 'ledwards@directtrust.com', '(609) 827-7373');
INSERT INTO public.address (cust_id, address1, address2, city, zip, state, country) VALUES (73, '84 Bayberry Lane', '', 'Irwin', '64759', 'MO', 'USA');

INSERT INTO public.customer (id, user_id, first_name, last_name, email, phone) VALUES (74, 'jmosley', 'Juliana', 'Mosley', 'jmosley@topvibe.com', '(801) 874-7886');
INSERT INTO public.address (cust_id, address1, address2, city, zip, state, country) VALUES (74, '99 Walnut Grove', '', 'Blanchard', '83804', 'ID', 'USA');

INSERT INTO public.customer (id, user_id, first_name, last_name, email, phone) VALUES (75, 'jburke', 'Jasmine', 'Burke', 'jburke@superbest.com', '(707) 544-4587');
INSERT INTO public.address (cust_id, address1, address2, city, zip, state, country) VALUES (75, '57 Oakwood Place', '', 'Rio Pinar', '32825', 'FL', 'USA');

INSERT INTO public.customer (id, user_id, first_name, last_name, email, phone) VALUES (76, 'aedwards', 'Amelie', 'Edwards', 'aedwards@zmail.com', '(814) 737-7415');
INSERT INTO public.address (cust_id, address1, address2, city, zip, state, country) VALUES (76, '37 Mahogany Way', '', 'Duvall', '98019', 'WA', 'USA');

INSERT INTO public.customer (id, user_id, first_name, last_name, email, phone) VALUES (77, 'acarter2', 'Ariadna', 'Carter', 'acarter@forfree.com', '(423) 084-1182');
INSERT INTO public.address (cust_id, address1, address2, city, zip, state, country) VALUES (77, '35 Cherry Lane', '', 'San Carlos I', '78043', 'TX', 'USA');

INSERT INTO public.customer (id, user_id, first_name, last_name, email, phone) VALUES (78, 'hbell', 'Hazel', 'Bell', 'hbell@superbest.com', '(701) 053-5036');
INSERT INTO public.address (cust_id, address1, address2, city, zip, state, country) VALUES (78, '40 Ash Street', '', 'Beclabito', '87420', 'NM', 'USA');

INSERT INTO public.customer (id, user_id, first_name, last_name, email, phone) VALUES (79, 'rtran', 'Reagan', 'Tran', 'rtran@yihaa.com', '(319) 934-2690');
INSERT INTO public.address (cust_id, address1, address2, city, zip, state, country) VALUES (79, '30 Forest Heights', '', 'Jeffersonville', '47130', 'IN', 'USA');

INSERT INTO public.customer (id, user_id, first_name, last_name, email, phone) VALUES (80, 'twhite', 'Timothy', 'White', 'twhite@email.com', '(225) 063-4630');
INSERT INTO public.address (cust_id, address1, address2, city, zip, state, country) VALUES (80, '39 Peachtree Place', '', 'Robbinsville', '28771', 'NC', 'USA');

INSERT INTO public.customer (id, user_id, first_name, last_name, email, phone) VALUES (81, 'pwong', 'Plinio', 'Wong', 'pwong@firstsimple.com', '(870) 725-6367');
INSERT INTO public.address (cust_id, address1, address2, city, zip, state, country) VALUES (81, '80 Poplar Terrace', '', 'East Palestine', '44413', 'OH', 'USA');

INSERT INTO public.customer (id, user_id, first_name, last_name, email, phone) VALUES (82, 'gvaughn', 'Grace', 'Vaughn', 'gvaughn@yihaa.com', '(934) 006-4184');
INSERT INTO public.address (cust_id, address1, address2, city, zip, state, country) VALUES (82, '23 Sequoia Boulevard', '', 'Baileyville', '16865', 'PA', 'USA');

INSERT INTO public.customer (id, user_id, first_name, last_name, email, phone) VALUES (83, 'cnichols', 'Carter', 'Nichols', 'cnichols@random.com', '(937) 657-8585');
INSERT INTO public.address (cust_id, address1, address2, city, zip, state, country) VALUES (83, '7 Spruce Ridge', '', 'McIntosh', '56556', 'MN', 'USA');

INSERT INTO public.customer (id, user_id, first_name, last_name, email, phone) VALUES (84, 'tmueller', 'Titus', 'Mueller', 'tmueller@email.com', '(325) 415-0239');
INSERT INTO public.address (cust_id, address1, address2, city, zip, state, country) VALUES (84, '55 Oakwood Place', '', 'Riverside', '60546', 'IL', 'USA');

INSERT INTO public.customer (id, user_id, first_name, last_name, email, phone) VALUES (85, 'erivera', 'Everett', 'Rivera', 'erivera@random.com', '(726) 481-1070');
INSERT INTO public.address (cust_id, address1, address2, city, zip, state, country) VALUES (85, '2 Ash Street', '', 'New Home', '79381', 'TX', 'USA');

INSERT INTO public.customer (id, user_id, first_name, last_name, email, phone) VALUES (86, 'erodriguez', 'Evangeline', 'Rodriguez', 'erodriguez@zmail.com', '(780) 558-5763');
INSERT INTO public.address (cust_id, address1, address2, city, zip, state, country) VALUES (86, '12 Birch Circle', '', 'Madison Heights', '24572', 'VA', 'USA');

INSERT INTO public.customer (id, user_id, first_name, last_name, email, phone) VALUES (87, 'aoconnell', 'Audrey', 'Oconnell', 'aoconnell@random.com', '(920) 755-5824');
INSERT INTO public.address (cust_id, address1, address2, city, zip, state, country) VALUES (87, '52 Walnut Grove', '', 'Lenape Heights', '16226', 'PA', 'USA');

INSERT INTO public.customer (id, user_id, first_name, last_name, email, phone) VALUES (88, 'sturner', 'Sophie', 'Turner', 'sturner@topgreatest.com', '(340) 574-8927');
INSERT INTO public.address (cust_id, address1, address2, city, zip, state, country) VALUES (88, '57 Cedar Ridge', '', 'Alexandria', '41001', 'KY', 'USA');

INSERT INTO public.customer (id, user_id, first_name, last_name, email, phone) VALUES (89, 'mcarter', 'Maximus', 'Carter', 'mcarter@zmail.com', '(812) 876-3601');
INSERT INTO public.address (cust_id, address1, address2, city, zip, state, country) VALUES (89, '68 Hawthorn Drive', '', 'Waltham', '02452', 'MA', 'USA');

INSERT INTO public.customer (id, user_id, first_name, last_name, email, phone) VALUES (90, 'akelly', 'Abigail', 'Kelly', 'akelly@zmail.com', '(646) 730-4161');
INSERT INTO public.address (cust_id, address1, address2, city, zip, state, country) VALUES (90, '31 Magnolia Street', '', 'Lawrence Creek', '74044', 'OK', 'USA');

INSERT INTO public.customer (id, user_id, first_name, last_name, email, phone) VALUES (91, 'rkennedy', 'Ronan', 'Kennedy', 'rkennedy@zmail.com', '(417) 981-4265');
INSERT INTO public.address (cust_id, address1, address2, city, zip, state, country) VALUES (91, '51 Elm Avenue', '', 'Wolsey', '57384', 'SD', 'USA');

INSERT INTO public.customer (id, user_id, first_name, last_name, email, phone) VALUES (92, 'cmccarthy', 'Chloe', 'Mccarthy', 'cmccarthy@yihaa.com', '(343) 063-0160');
INSERT INTO public.address (cust_id, address1, address2, city, zip, state, country) VALUES (92, '100 Elm Avenue', '', 'Penn Wynne', '19096', 'PA', 'USA');

INSERT INTO public.customer (id, user_id, first_name, last_name, email, phone) VALUES (93, 'rgardner', 'Ronan', 'Gardner', 'rgardner@zmail.com', '(213) 493-0441');
INSERT INTO public.address (cust_id, address1, address2, city, zip, state, country) VALUES (93, '3 Chestnut Street', '', 'Prairie Creek', '72756', 'AR', 'USA');

INSERT INTO public.customer (id, user_id, first_name, last_name, email, phone) VALUES (94, 'rdavis', 'Raúl', 'Davis', 'rdavis@zmail.com', '(561) 669-2589');
INSERT INTO public.address (cust_id, address1, address2, city, zip, state, country) VALUES (94, '40 Laurel Lane', '', 'Smithfield', '61477', 'IL', 'USA');

INSERT INTO public.customer (id, user_id, first_name, last_name, email, phone) VALUES (95, 'emurphy', 'Emily', 'Murphy', 'emurphy@superbest.com', '(630) 846-4575');
INSERT INTO public.address (cust_id, address1, address2, city, zip, state, country) VALUES (95, '22 Hawthorn Drive', '', 'Essex Junction', '05452', 'VT', 'USA');

INSERT INTO public.customer (id, user_id, first_name, last_name, email, phone) VALUES (96, 'kfoster', 'Kaitlyn', 'Foster', 'kfoster@superbest.com', '(201) 042-4284');
INSERT INTO public.address (cust_id, address1, address2, city, zip, state, country) VALUES (96, '83 Cedar Crest', '', 'Cable', '54821', 'WI', 'USA');

INSERT INTO public.customer (id, user_id, first_name, last_name, email, phone) VALUES (97, 'tlucas', 'Toribio', 'Lucas', 'tlucas@email.com', '(914) 004-3878');
INSERT INTO public.address (cust_id, address1, address2, city, zip, state, country) VALUES (97, '77 Birchwood Drive', '', 'La Alianza', '00688', 'PR', 'USA');

INSERT INTO public.customer (id, user_id, first_name, last_name, email, phone) VALUES (98, 'elong', 'Emily', 'Long', 'elong@random.com', '(339) 519-8234');
INSERT INTO public.address (cust_id, address1, address2, city, zip, state, country) VALUES (98, '26 Chestnut Lane', '', 'Burlington', '80807', 'CO', 'USA');

INSERT INTO public.customer (id, user_id, first_name, last_name, email, phone) VALUES (99, 'alevy', 'Anthony', 'Levy', 'alevy@random.com', '(854) 605-4406');
INSERT INTO public.address (cust_id, address1, address2, city, zip, state, country) VALUES (99, '92 Laurel Lane', '', 'Cherry Tree', '74960', 'OK', 'USA');

INSERT INTO public.customer (id, user_id, first_name, last_name, email, phone) VALUES (100, 'acarter', 'Atticus', 'Carter', 'acarter@zmail.com', '(302) 295-4994');
INSERT INTO public.address (cust_id, address1, address2, city, zip, state, country) VALUES (100, '65 Birch Circle', '', 'Grandview', '74464', 'OK', 'USA');

INSERT INTO public.customer (id, user_id, first_name, last_name, email, phone) VALUES (101, 'rcarroll', 'River', 'Carroll', 'rcarroll@random.com', '(727) 642-7220');
INSERT INTO public.address (cust_id, address1, address2, city, zip, state, country) VALUES (101, '52 Cypress Avenue', '', 'Lakeland Village', '92530', 'CA', 'USA');

INSERT INTO public.customer (id, user_id, first_name, last_name, email, phone) VALUES (102, 'aavila', 'Adriana', 'Avila', 'aavila@zmail.com', '(706) 652-1023');
INSERT INTO public.address (cust_id, address1, address2, city, zip, state, country) VALUES (102, '21 Peachtree Place', '', 'Adrian', '49221', 'MI', 'USA');

INSERT INTO public.customer (id, user_id, first_name, last_name, email, phone) VALUES (103, 'npeters', 'Niamh', 'Peters', 'npeters@zmail.com', '(714) 534-3309');
INSERT INTO public.address (cust_id, address1, address2, city, zip, state, country) VALUES (103, '11 Chestnut Street', '', 'North Barrington', '60010', 'IL', 'USA');

INSERT INTO public.customer (id, user_id, first_name, last_name, email, phone) VALUES (104, 'kbrooks', 'Kian', 'Brooks', 'kbrooks@random.com', '(364) 295-0583');
INSERT INTO public.address (cust_id, address1, address2, city, zip, state, country) VALUES (104, '44 Fir Street', '', 'Riley', '47871', 'IN', 'USA');

INSERT INTO public.customer (id, user_id, first_name, last_name, email, phone) VALUES (105, 'enewton', 'Elise', 'Newton', 'enewton@directtrust.com', '(216) 481-8714');
INSERT INTO public.address (cust_id, address1, address2, city, zip, state, country) VALUES (105, '63 Sycamore Way', '', 'Talpa', '87557', 'NM', 'USA');

INSERT INTO public.customer (id, user_id, first_name, last_name, email, phone) VALUES (106, 'jlittle', 'Joseph', 'Little', 'jlittle@topgreatest.com', '(870) 422-0174');
INSERT INTO public.address (cust_id, address1, address2, city, zip, state, country) VALUES (106, '47 Bayberry Lane', '', 'Mountain Village', '99632', 'AK', 'USA');

INSERT INTO public.customer (id, user_id, first_name, last_name, email, phone) VALUES (107, 'fmosley', 'Fidel', 'Mosley', 'fmosley@forfree.com', '(939) 992-1013');
INSERT INTO public.address (cust_id, address1, address2, city, zip, state, country) VALUES (107, '82 Grove Street', '', 'Niangua', '65713', 'MO', 'USA');

INSERT INTO public.customer (id, user_id, first_name, last_name, email, phone) VALUES (108, 'jlucas', 'Juliana', 'Lucas', 'jlucas@superbest.com', '(515) 520-2999');
INSERT INTO public.address (cust_id, address1, address2, city, zip, state, country) VALUES (108, '90 Oakwood Place', '', 'Charter Oak', '51439', 'IA', 'USA');

INSERT INTO public.customer (id, user_id, first_name, last_name, email, phone) VALUES (109, 'esantiago', 'Elsie', 'Santiago', 'esantiago@forfree.com', '(781) 108-3958');
INSERT INTO public.address (cust_id, address1, address2, city, zip, state, country) VALUES (109, '60 Walnut Boulevard', '', 'Salix', '15963', 'PA', 'USA');

INSERT INTO public.customer (id, user_id, first_name, last_name, email, phone) VALUES (110, 'arichards', 'Amelie', 'Richards', 'arichards@directtrust.com', '(984) 467-0286');
INSERT INTO public.address (cust_id, address1, address2, city, zip, state, country) VALUES (110, '66 Cedar Court', '', 'Corley', '51537', 'IA', 'USA');

INSERT INTO public.customer (id, user_id, first_name, last_name, email, phone) VALUES (111, 'khobbs', 'Kieran', 'Hobbs', 'khobbs@random.com', '(270) 844-6777');
INSERT INTO public.address (cust_id, address1, address2, city, zip, state, country) VALUES (111, '41 Poplar Terrace', '', 'Sweet Grass', '59484', 'MT', 'USA');

INSERT INTO public.customer (id, user_id, first_name, last_name, email, phone) VALUES (112, 'esavage', 'Elsie', 'Savage', 'esavage@topvibe.com', '(365) 278-5384');
INSERT INTO public.address (cust_id, address1, address2, city, zip, state, country) VALUES (112, '6 Pine Road', '', 'Granite Falls', '56241', 'MN', 'USA');

INSERT INTO public.customer (id, user_id, first_name, last_name, email, phone) VALUES (113, 'greed', 'Greyson', 'Reed', 'greed@email.com', '(225) 713-2659');
INSERT INTO public.address (cust_id, address1, address2, city, zip, state, country) VALUES (113, '18 Laurel Lane', '', 'Sugar Grove', '16350', 'PA', 'USA');

INSERT INTO public.customer (id, user_id, first_name, last_name, email, phone) VALUES (114, 'rflores', 'Rhett', 'Flores', 'rflores@superbest.com', '(917) 286-1184');
INSERT INTO public.address (cust_id, address1, address2, city, zip, state, country) VALUES (114, '44 Sequoia Boulevard', '', 'Versailles', '62378', 'IL', 'USA');

INSERT INTO public.customer (id, user_id, first_name, last_name, email, phone) VALUES (115, 'cchang', 'Cedric', 'Chang', 'cchang@superbest.com', '(506) 693-9034');
INSERT INTO public.address (cust_id, address1, address2, city, zip, state, country) VALUES (115, '32 Peachtree Place', '', 'Rayland', '43943', 'OH', 'USA');

INSERT INTO public.customer (id, user_id, first_name, last_name, email, phone) VALUES (116, 'sday', 'Samuel', 'Day', 'sday@firstsimple.com', '(336) 000-4242');
INSERT INTO public.address (cust_id, address1, address2, city, zip, state, country) VALUES (116, '37 Cedar Court', '', 'Fontana', '66026', 'KS', 'USA');

INSERT INTO public.customer (id, user_id, first_name, last_name, email, phone) VALUES (117, 'lnunez', 'Luca', 'Nunez', 'lnunez@topvibe.com', '(954) 655-8866');
INSERT INTO public.address (cust_id, address1, address2, city, zip, state, country) VALUES (117, '89 Ash Street', '', 'Rocky Point', '59860', 'MT', 'USA');

INSERT INTO public.customer (id, user_id, first_name, last_name, email, phone) VALUES (118, 'rnguyen', 'Raúl', 'Nguyen', 'rnguyen@random.com', '(386) 487-7245');
INSERT INTO public.address (cust_id, address1, address2, city, zip, state, country) VALUES (118, '68 Fir Street', '', 'Cumberland', '23040', 'VA', 'USA');

INSERT INTO public.customer (id, user_id, first_name, last_name, email, phone) VALUES (119, 'mhurst', 'Maren', 'Hurst', 'mhurst@random.com', '(704) 301-4589');
INSERT INTO public.address (cust_id, address1, address2, city, zip, state, country) VALUES (119, '95 Pine Road', '', 'Lake Wildwood', '95946', 'CA', 'USA');

INSERT INTO public.customer (id, user_id, first_name, last_name, email, phone) VALUES (120, 'ahunter', 'Arden', 'Hunter', 'ahunter@forfree.com', '(816) 745-2750');
INSERT INTO public.address (cust_id, address1, address2, city, zip, state, country) VALUES (120, '88 Poplar Terrace', '', 'Selz', '58341', 'ND', 'USA');

INSERT INTO public.customer (id, user_id, first_name, last_name, email, phone) VALUES (121, 'spowell', 'Samu', 'Powell', 'spowell@directtrust.com', '(253) 392-5018');
INSERT INTO public.address (cust_id, address1, address2, city, zip, state, country) VALUES (121, '41 Pinecrest Drive', '', 'Gentryville', '47537', 'IN', 'USA');

INSERT INTO public.customer (id, user_id, first_name, last_name, email, phone) VALUES (122, 'cflores', 'Cason', 'Flores', 'cflores@superbest.com', '(859) 465-6376');
INSERT INTO public.address (cust_id, address1, address2, city, zip, state, country) VALUES (122, '4 Redwood Avenue', '', 'Monroe Center', '61052', 'IL', 'USA');

INSERT INTO public.customer (id, user_id, first_name, last_name, email, phone) VALUES (123, 'mhorn', 'Maren', 'Horn', 'mhorn@firstsimple.com', '(812) 485-7813');
INSERT INTO public.address (cust_id, address1, address2, city, zip, state, country) VALUES (123, '75 Sequoia Boulevard', '', 'Earl Park', '47942', 'IN', 'USA');

INSERT INTO public.customer (id, user_id, first_name, last_name, email, phone) VALUES (124, 'pfuller', 'Phoenix', 'Fuller', 'pfuller@random.com', '(680) 081-2557');
INSERT INTO public.address (cust_id, address1, address2, city, zip, state, country) VALUES (124, '45 Mulberry Circle', '', 'Dolores', '81323', 'CO', 'USA');

INSERT INTO public.customer (id, user_id, first_name, last_name, email, phone) VALUES (125, 'pcarpenter', 'Plinio', 'Carpenter', 'pcarpenter@topvibe.com', '(276) 204-2011');
INSERT INTO public.address (cust_id, address1, address2, city, zip, state, country) VALUES (125, '79 Chestnut Lane', '', 'Rosebud', '57570', 'SD', 'USA');

INSERT INTO public.customer (id, user_id, first_name, last_name, email, phone) VALUES (126, 'mhernandez', 'Mathias', 'Hernandez', 'mhernandez@random.com', '(670) 111-4819');
INSERT INTO public.address (cust_id, address1, address2, city, zip, state, country) VALUES (126, '40 Sequoia Boulevard', '', 'Pennwyn', '19607', 'PA', 'USA');

INSERT INTO public.customer (id, user_id, first_name, last_name, email, phone) VALUES (127, 'awhite', 'Anneliese', 'White', 'awhite@firstsimple.com', '(954) 946-2938');
INSERT INTO public.address (cust_id, address1, address2, city, zip, state, country) VALUES (127, '11 Spruce Ridge', '', 'Fairmount', '58030', 'ND', 'USA');

INSERT INTO public.customer (id, user_id, first_name, last_name, email, phone) VALUES (128, 'jwest', 'Josephine', 'West', 'jwest@topgreatest.com', '(319) 104-3222');
INSERT INTO public.address (cust_id, address1, address2, city, zip, state, country) VALUES (128, '10 Cherry Lane', '', 'Westfield', '51062', 'IA', 'USA');

INSERT INTO public.customer (id, user_id, first_name, last_name, email, phone) VALUES (129, 'kramirez', 'Kaleb', 'Ramirez', 'kramirez@random.com', '(510) 136-1891');
INSERT INTO public.address (cust_id, address1, address2, city, zip, state, country) VALUES (129, '98 Oakwood Place', '', 'Prunedale', '95076', 'CA', 'USA');

INSERT INTO public.customer (id, user_id, first_name, last_name, email, phone) VALUES (130, 'aoconnell2', 'Addison', 'Oconnell', 'aoconnell@directtrust.com', '(878) 068-7071');
INSERT INTO public.address (cust_id, address1, address2, city, zip, state, country) VALUES (130, '17 Cypress Avenue', '', 'Tooele', '84074', 'UT', 'USA');

INSERT INTO public.customer (id, user_id, first_name, last_name, email, phone) VALUES (131, 'lfisher', 'Lila', 'Fisher', 'lfisher@yihaa.com', '(863) 430-7339');
INSERT INTO public.address (cust_id, address1, address2, city, zip, state, country) VALUES (131, '81 Elmwood Terrace', '', 'Eden Prairie', '55344', 'MN', 'USA');

INSERT INTO public.customer (id, user_id, first_name, last_name, email, phone) VALUES (132, 'csanchez', 'Colette', 'Sanchez', 'csanchez@superbest.com', '(602) 834-5192');
INSERT INTO public.address (cust_id, address1, address2, city, zip, state, country) VALUES (132, '97 Holly Hill', '', 'Golconda', '89414', 'NV', 'USA');

INSERT INTO public.customer (id, user_id, first_name, last_name, email, phone) VALUES (133, 'jgonzalez', 'Julian', 'Gonzalez', 'jgonzalez@topgreatest.com', '(434) 782-4533');
INSERT INTO public.address (cust_id, address1, address2, city, zip, state, country) VALUES (133, '17 Grove Street', '', 'Hartley', '79044', 'TX', 'USA');

INSERT INTO public.customer (id, user_id, first_name, last_name, email, phone) VALUES (134, 'amartinez', 'Aurora', 'Martinez', 'amartinez@topgreatest.com', '(867) 254-7262');
INSERT INTO public.address (cust_id, address1, address2, city, zip, state, country) VALUES (134, '51 Chestnut Lane', '', 'Cedar', '49621', 'MI', 'USA');

INSERT INTO public.customer (id, user_id, first_name, last_name, email, phone) VALUES (135, 'award2', 'Ariadna', 'Ward', 'award@yihaa.com', '(732) 863-8210');
INSERT INTO public.address (cust_id, address1, address2, city, zip, state, country) VALUES (135, '8 Birch Circle', '', 'Argos', '46501', 'IN', 'USA');

INSERT INTO public.customer (id, user_id, first_name, last_name, email, phone) VALUES (136, 'ccox', 'Chloe', 'Cox', 'ccox@forfree.com', '(613) 254-8726');
INSERT INTO public.address (cust_id, address1, address2, city, zip, state, country) VALUES (136, '92 Birchwood Drive', '', 'Cramerton', '28032', 'NC', 'USA');

INSERT INTO public.customer (id, user_id, first_name, last_name, email, phone) VALUES (137, 'mgriffin', 'Matthew', 'Griffin', 'mgriffin@firstsimple.com', '(215) 633-5834');
INSERT INTO public.address (cust_id, address1, address2, city, zip, state, country) VALUES (137, '87 Spruce Place', '', 'Atlantic', '16111', 'PA', 'USA');

INSERT INTO public.customer (id, user_id, first_name, last_name, email, phone) VALUES (138, 'rparker', 'Roque', 'Parker', 'rparker@superbest.com', '(972) 201-6533');
INSERT INTO public.address (cust_id, address1, address2, city, zip, state, country) VALUES (138, '43 Cypress Point', '', 'Clacks Canyon', '86413', 'AZ', 'USA');

INSERT INTO public.customer (id, user_id, first_name, last_name, email, phone) VALUES (139, 'irussell', 'Ileana', 'Russell', 'irussell@yihaa.com', '(516) 807-2841');
INSERT INTO public.address (cust_id, address1, address2, city, zip, state, country) VALUES (139, '37 Dogwood Drive', '', 'Mingo', '50168', 'IA', 'USA');

INSERT INTO public.customer (id, user_id, first_name, last_name, email, phone) VALUES (140, 'pryan', 'Paisley', 'Ryan', 'pryan@firstsimple.com', '(605) 173-1780');
INSERT INTO public.address (cust_id, address1, address2, city, zip, state, country) VALUES (140, '97 Walnut Boulevard', '', 'Mapleton', '51034', 'IA', 'USA');

INSERT INTO public.customer (id, user_id, first_name, last_name, email, phone) VALUES (141, 'mperkins', 'Melania', 'Perkins', 'mperkins@forfree.com', '(272) 821-6359');
INSERT INTO public.address (cust_id, address1, address2, city, zip, state, country) VALUES (141, '39 Peachtree Place', '', 'West Whittier-Los Nietos', '90606', 'CA', 'USA');

INSERT INTO public.customer (id, user_id, first_name, last_name, email, phone) VALUES (142, 'eharvey', 'Eloise', 'Harvey', 'eharvey@topgreatest.com', '(321) 390-3393');
INSERT INTO public.address (cust_id, address1, address2, city, zip, state, country) VALUES (142, '6 Pinecrest Drive', '', 'Daphnedale Park', '96101', 'CA', 'USA');

INSERT INTO public.customer (id, user_id, first_name, last_name, email, phone) VALUES (143, 'aturner', 'Abigail', 'Turner', 'aturner@email.com', '(585) 129-3817');
INSERT INTO public.address (cust_id, address1, address2, city, zip, state, country) VALUES (143, '17 Oak Drive', '', 'Sherwood', '58782', 'ND', 'USA');

INSERT INTO public.customer (id, user_id, first_name, last_name, email, phone) VALUES (144, 'dwilson', 'Daniel', 'Wilson', 'dwilson@yihaa.com', '(548) 930-0008');
INSERT INTO public.address (cust_id, address1, address2, city, zip, state, country) VALUES (144, '82 Poplar Terrace', '', 'Coolidge', '67836', 'KS', 'USA');

INSERT INTO public.customer (id, user_id, first_name, last_name, email, phone) VALUES (145, 'fflores', 'Federico', 'Flores', 'fflores@topvibe.com', '(301) 000-8486');
INSERT INTO public.address (cust_id, address1, address2, city, zip, state, country) VALUES (145, '68 Walnut Boulevard', '', 'Loomis', '48617', 'MI', 'USA');

INSERT INTO public.customer (id, user_id, first_name, last_name, email, phone) VALUES (146, 'cchang2', 'Candela', 'Chang', 'cchang@topgreatest.com', '(904) 212-9109');
INSERT INTO public.address (cust_id, address1, address2, city, zip, state, country) VALUES (146, '88 Elm Avenue', '', 'Boise', '83703', 'ID', 'USA');

INSERT INTO public.customer (id, user_id, first_name, last_name, email, phone) VALUES (147, 'fmartin', 'Fermín', 'Martin', 'fmartin@yihaa.com', '(706) 690-6915');
INSERT INTO public.address (cust_id, address1, address2, city, zip, state, country) VALUES (147, '34 Hawthorn Drive', '', 'Franklin Springs', '30662', 'GA', 'USA');

INSERT INTO public.customer (id, user_id, first_name, last_name, email, phone) VALUES (148, 'sbell', 'Severo', 'Bell', 'sbell@superbest.com', '(308) 836-1307');
INSERT INTO public.address (cust_id, address1, address2, city, zip, state, country) VALUES (148, '23 Cypress Point', '', 'Hartford City', '25253', 'WV', 'USA');

INSERT INTO public.customer (id, user_id, first_name, last_name, email, phone) VALUES (149, 'ccantu', 'Colette', 'Cantu', 'ccantu@firstsimple.com', '(219) 458-7138');
INSERT INTO public.address (cust_id, address1, address2, city, zip, state, country) VALUES (149, '24 Walnut Grove', '', 'Takotna', '99627', 'AK', 'USA');

INSERT INTO public.customer (id, user_id, first_name, last_name, email, phone) VALUES (150, 'ahurst', 'Althea', 'Hurst', 'ahurst@yihaa.com', '(671) 615-8641');
INSERT INTO public.address (cust_id, address1, address2, city, zip, state, country) VALUES (150, '54 Redwood Trail', '', 'St. Peter', '53049', 'WI', 'USA');

INSERT INTO public.customer (id, user_id, first_name, last_name, email, phone) VALUES (151, 'alopez', 'Alana', 'Lopez', 'alopez@random.com', '(332) 944-1169');
INSERT INTO public.address (cust_id, address1, address2, city, zip, state, country) VALUES (151, '89 Pinecrest Drive', '', 'Picayune', '39426', 'MS', 'USA');

INSERT INTO public.customer (id, user_id, first_name, last_name, email, phone) VALUES (152, 'rmorris', 'Ryan', 'Morris', 'rmorris@forfree.com', '(780) 152-5441');
INSERT INTO public.address (cust_id, address1, address2, city, zip, state, country) VALUES (152, '10 Dogwood Drive', '', 'Patterson', '45843', 'OH', 'USA');

INSERT INTO public.customer (id, user_id, first_name, last_name, email, phone) VALUES (153, 'pfrank', 'Paisley', 'Frank', 'pfrank@forfree.com', '(216) 821-7598');
INSERT INTO public.address (cust_id, address1, address2, city, zip, state, country) VALUES (153, '18 Olive Drive', '', 'Dunlo', '15930', 'PA', 'USA');

INSERT INTO public.customer (id, user_id, first_name, last_name, email, phone) VALUES (154, 'jlong', 'Josie', 'Long', 'jlong@directtrust.com', '(615) 909-2541');
INSERT INTO public.address (cust_id, address1, address2, city, zip, state, country) VALUES (154, '23 Forest Heights', '', 'Tappan', '10964', 'NY', 'USA');

INSERT INTO public.customer (id, user_id, first_name, last_name, email, phone) VALUES (155, 'tmurray', 'Toribio', 'Murray', 'tmurray@topgreatest.com', '(332) 476-2088');
INSERT INTO public.address (cust_id, address1, address2, city, zip, state, country) VALUES (155, '72 Magnolia Street', '', 'Panguitch', '84759', 'UT', 'USA');

INSERT INTO public.customer (id, user_id, first_name, last_name, email, phone) VALUES (156, 'fmosley2', 'Felipa', 'Mosley', 'fmosley@superbest.com', '(470) 698-4996');
INSERT INTO public.address (cust_id, address1, address2, city, zip, state, country) VALUES (156, '26 Laurel Lane', '', 'West Burke', '05871', 'VT', 'USA');

INSERT INTO public.customer (id, user_id, first_name, last_name, email, phone) VALUES (157, 'mhansen', 'Madeline', 'Hansen', 'mhansen@forfree.com', '(418) 961-7513');
INSERT INTO public.address (cust_id, address1, address2, city, zip, state, country) VALUES (157, '45 Peachtree Place', '', 'Mitchellville', '20720', 'MD', 'USA');

INSERT INTO public.customer (id, user_id, first_name, last_name, email, phone) VALUES (158, 'scopeland', 'Samuel', 'Copeland', 'scopeland@firstsimple.com', '(831) 464-5394');
INSERT INTO public.address (cust_id, address1, address2, city, zip, state, country) VALUES (158, '11 Mulberry Circle', '', 'Darien', '53114', 'WI', 'USA');

INSERT INTO public.customer (id, user_id, first_name, last_name, email, phone) VALUES (159, 'nfuller', 'Nazario', 'Fuller', 'nfuller@topgreatest.com', '(903) 905-5058');
INSERT INTO public.address (cust_id, address1, address2, city, zip, state, country) VALUES (159, '3 Maplewood Avenue', '', 'Twin Oaks', '74347', 'OK', 'USA');

INSERT INTO public.customer (id, user_id, first_name, last_name, email, phone) VALUES (160, 'ejackson', 'Elijah', 'Jackson', 'ejackson@yihaa.com', '(714) 594-5641');
INSERT INTO public.address (cust_id, address1, address2, city, zip, state, country) VALUES (160, '47 Spruce Place', '', 'Herman', '56248', 'MN', 'USA');

INSERT INTO public.customer (id, user_id, first_name, last_name, email, phone) VALUES (161, 'mnguyen', 'Madeline', 'Nguyen', 'mnguyen@zmail.com', '(226) 755-0095');
INSERT INTO public.address (cust_id, address1, address2, city, zip, state, country) VALUES (161, '89 Dogwood Drive', '', 'White Hall', '36785', 'AL', 'USA');

INSERT INTO public.customer (id, user_id, first_name, last_name, email, phone) VALUES (162, 'eburke', 'Eloise', 'Burke', 'eburke@email.com', '(307) 411-6139');
INSERT INTO public.address (cust_id, address1, address2, city, zip, state, country) VALUES (162, '6 Magnolia Street', '', 'Coldstream', '40245', 'KY', 'USA');

INSERT INTO public.customer (id, user_id, first_name, last_name, email, phone) VALUES (163, 'bjensen', 'Blake', 'Jensen', 'bjensen@superbest.com', '(424) 940-6411');
INSERT INTO public.address (cust_id, address1, address2, city, zip, state, country) VALUES (163, '50 Spruce Ridge', '', 'Tuscumbia', '35674', 'AL', 'USA');

INSERT INTO public.customer (id, user_id, first_name, last_name, email, phone) VALUES (164, 'mchen', 'Mar', 'Chen', 'mchen@directtrust.com', '(774) 922-4383');
INSERT INTO public.address (cust_id, address1, address2, city, zip, state, country) VALUES (164, '68 Holly Hill', '', 'Republic', '65738', 'MO', 'USA');

INSERT INTO public.customer (id, user_id, first_name, last_name, email, phone) VALUES (165, 'egonzalez', 'Elaina', 'Gonzalez', 'egonzalez@forfree.com', '(289) 714-4022');
INSERT INTO public.address (cust_id, address1, address2, city, zip, state, country) VALUES (165, '86 Elm Avenue', '', 'Little River', '95456', 'CA', 'USA');

INSERT INTO public.customer (id, user_id, first_name, last_name, email, phone) VALUES (166, 'mmitchell', 'Mathias', 'Mitchell', 'mmitchell@forfree.com', '(516) 854-2511');
INSERT INTO public.address (cust_id, address1, address2, city, zip, state, country) VALUES (166, '33 Pinecrest Drive', '', 'Hartford', '43013', 'OH', 'USA');

INSERT INTO public.customer (id, user_id, first_name, last_name, email, phone) VALUES (167, 'fvaughn', 'Fiona', 'Vaughn', 'fvaughn@directtrust.com', '(779) 426-6810');
INSERT INTO public.address (cust_id, address1, address2, city, zip, state, country) VALUES (167, '17 Birchwood Drive', '', 'Souderton', '18964', 'PA', 'USA');

INSERT INTO public.customer (id, user_id, first_name, last_name, email, phone) VALUES (168, 'vdaugherty', 'Verónica', 'Daugherty', 'vdaugherty@random.com', '(657) 298-2215');
INSERT INTO public.address (cust_id, address1, address2, city, zip, state, country) VALUES (168, '58 Oakwood Place', '', 'Fairfield', '17320', 'PA', 'USA');

INSERT INTO public.customer (id, user_id, first_name, last_name, email, phone) VALUES (169, 'kchang', 'Kinsley', 'Chang', 'kchang@topgreatest.com', '(651) 170-1096');
INSERT INTO public.address (cust_id, address1, address2, city, zip, state, country) VALUES (169, '2 Maplewood Avenue', '', 'Okawville', '62271', 'IL', 'USA');

INSERT INTO public.customer (id, user_id, first_name, last_name, email, phone) VALUES (170, 'vmcpherson', 'Verónica', 'Mcpherson', 'vmcpherson@topvibe.com', '(807) 337-9884');
INSERT INTO public.address (cust_id, address1, address2, city, zip, state, country) VALUES (170, '99 Maple Lane', '', 'Cedar', '49621', 'MI', 'USA');

INSERT INTO public.customer (id, user_id, first_name, last_name, email, phone) VALUES (171, 'vthomas', 'Victoria', 'Thomas', 'vthomas@directtrust.com', '(450) 113-5193');
INSERT INTO public.address (cust_id, address1, address2, city, zip, state, country) VALUES (171, '84 Walnut Grove', '', 'Bonanza', '30228', 'GA', 'USA');

INSERT INTO public.customer (id, user_id, first_name, last_name, email, phone) VALUES (172, 'lmcpherson', 'Lukas', 'Mcpherson', 'lmcpherson@topgreatest.com', '(605) 961-1706');
INSERT INTO public.address (cust_id, address1, address2, city, zip, state, country) VALUES (172, '59 Spruce Place', '', 'North Windham', '04062', 'ME', 'USA');

INSERT INTO public.customer (id, user_id, first_name, last_name, email, phone) VALUES (173, 'fmcdonald', 'Fidel', 'Mcdonald', 'fmcdonald@forfree.com', '(802) 650-9450');
INSERT INTO public.address (cust_id, address1, address2, city, zip, state, country) VALUES (173, '19 Aspen Lane', '', 'Lincoln Park', '07035', 'NJ', 'USA');

INSERT INTO public.customer (id, user_id, first_name, last_name, email, phone) VALUES (174, 'jgonzalez2', 'Jaxson', 'Gonzalez', 'jgonzalez@superbest.com', '(806) 825-4844');
INSERT INTO public.address (cust_id, address1, address2, city, zip, state, country) VALUES (174, '57 Willow Lane', '', 'Lucas', '50151', 'IA', 'USA');

INSERT INTO public.customer (id, user_id, first_name, last_name, email, phone) VALUES (175, 'odaugherty', 'Ofelia', 'Daugherty', 'odaugherty@superbest.com', '(458) 804-7988');
INSERT INTO public.address (cust_id, address1, address2, city, zip, state, country) VALUES (175, '65 Cypress Avenue', '', 'Riverview', '19946', 'DE', 'USA');

INSERT INTO public.customer (id, user_id, first_name, last_name, email, phone) VALUES (176, 'eramirez', 'Emmett', 'Ramirez', 'eramirez@directtrust.com', '(343) 684-4526');
INSERT INTO public.address (cust_id, address1, address2, city, zip, state, country) VALUES (176, '6 Poplar Terrace', '', 'The Hills', '78738', 'TX', 'USA');

INSERT INTO public.customer (id, user_id, first_name, last_name, email, phone) VALUES (177, 'rwright', 'Rosalía', 'Wright', 'rwright@firstsimple.com', '(973) 622-3997');
INSERT INTO public.address (cust_id, address1, address2, city, zip, state, country) VALUES (177, '32 Elmwood Terrace', '', 'Farnam', '69029', 'NE', 'USA');

INSERT INTO public.customer (id, user_id, first_name, last_name, email, phone) VALUES (178, 'acarroll', 'Abilio', 'Carroll', 'acarroll@zmail.com', '(450) 729-6460');
INSERT INTO public.address (cust_id, address1, address2, city, zip, state, country) VALUES (178, '54 Bayberry Lane', '', 'Clear Lake Shores', '77565', 'TX', 'USA');

INSERT INTO public.customer (id, user_id, first_name, last_name, email, phone) VALUES (179, 'ataylor', 'Amelie', 'Taylor', 'ataylor@topgreatest.com', '(630) 431-3945');
INSERT INTO public.address (cust_id, address1, address2, city, zip, state, country) VALUES (179, '46 Maplewood Avenue', '', 'Albertson', '11507', 'NY', 'USA');

INSERT INTO public.customer (id, user_id, first_name, last_name, email, phone) VALUES (180, 'tcarroll', 'Trenton', 'Carroll', 'tcarroll@zmail.com', '(343) 876-1868');
INSERT INTO public.address (cust_id, address1, address2, city, zip, state, country) VALUES (180, '65 Magnolia Court', '', 'Rye Brook', '10604', 'NY', 'USA');

INSERT INTO public.customer (id, user_id, first_name, last_name, email, phone) VALUES (181, 'evaughn', 'Emmett', 'Vaughn', 'evaughn@topvibe.com', '(937) 778-4932');
INSERT INTO public.address (cust_id, address1, address2, city, zip, state, country) VALUES (181, '42 Laurel Lane', '', 'Forest City', '28043', 'NC', 'USA');

INSERT INTO public.customer (id, user_id, first_name, last_name, email, phone) VALUES (182, 'iwhite', 'Isabelle', 'White', 'iwhite@topvibe.com', '(989) 816-9802');
INSERT INTO public.address (cust_id, address1, address2, city, zip, state, country) VALUES (182, '36 Sycamore Way', '', 'Reliance', '57569', 'SD', 'USA');

INSERT INTO public.customer (id, user_id, first_name, last_name, email, phone) VALUES (183, 'vdunlap', 'Victoria', 'Dunlap', 'vdunlap@zmail.com', '(269) 659-0984');
INSERT INTO public.address (cust_id, address1, address2, city, zip, state, country) VALUES (183, '10 Aspen Lane', '', 'Saddlebrooke', '85739', 'AZ', 'USA');

INSERT INTO public.customer (id, user_id, first_name, last_name, email, phone) VALUES (184, 'jsexton', 'Josiah', 'Sexton', 'jsexton@forfree.com', '(854) 939-8858');
INSERT INTO public.address (cust_id, address1, address2, city, zip, state, country) VALUES (184, '29 Laurel Lane', '', 'Dexter', '31019', 'GA', 'USA');

INSERT INTO public.customer (id, user_id, first_name, last_name, email, phone) VALUES (185, 'mroberson', 'Margot', 'Roberson', 'mroberson@yihaa.com', '(939) 127-0152');
INSERT INTO public.address (cust_id, address1, address2, city, zip, state, country) VALUES (185, '61 Chestnut Lane', '', 'Tarrant', '35217', 'AL', 'USA');

INSERT INTO public.customer (id, user_id, first_name, last_name, email, phone) VALUES (186, 'pgarcia', 'Plinio', 'Garcia', 'pgarcia@yihaa.com', '(479) 829-9913');
INSERT INTO public.address (cust_id, address1, address2, city, zip, state, country) VALUES (186, '28 Redwood Avenue', '', 'Forsan', '79733', 'TX', 'USA');

INSERT INTO public.customer (id, user_id, first_name, last_name, email, phone) VALUES (187, 'jfuller', 'Jacob', 'Fuller', 'jfuller@topgreatest.com', '(860) 342-2175');
INSERT INTO public.address (cust_id, address1, address2, city, zip, state, country) VALUES (187, '16 Forest Heights', '', 'Baldwin Park', '64080', 'MO', 'USA');

INSERT INTO public.customer (id, user_id, first_name, last_name, email, phone) VALUES (188, 'mlopez', 'Maisie', 'Lopez', 'mlopez@topgreatest.com', '(947) 104-1217');
INSERT INTO public.address (cust_id, address1, address2, city, zip, state, country) VALUES (188, '20 Pine Road', '', 'Jackson', '56143', 'MN', 'USA');

INSERT INTO public.customer (id, user_id, first_name, last_name, email, phone) VALUES (189, 'whurst', 'Wesley', 'Hurst', 'whurst@random.com', '(605) 639-6763');
INSERT INTO public.address (cust_id, address1, address2, city, zip, state, country) VALUES (189, '96 Cedar Court', '', 'Hauser', '83854', 'ID', 'USA');

INSERT INTO public.customer (id, user_id, first_name, last_name, email, phone) VALUES (190, 'asharp', 'Augustus', 'Sharp', 'asharp@superbest.com', '(989) 198-2755');
INSERT INTO public.address (cust_id, address1, address2, city, zip, state, country) VALUES (190, '94 Holly Hill', '', 'Northwest Harborcreek', '16510', 'PA', 'USA');

INSERT INTO public.customer (id, user_id, first_name, last_name, email, phone) VALUES (191, 'mhoffman', 'Melania', 'Hoffman', 'mhoffman@topvibe.com', '(989) 146-8067');
INSERT INTO public.address (cust_id, address1, address2, city, zip, state, country) VALUES (191, '72 Dogwood Drive', '', 'Ladd', '61329', 'IL', 'USA');

INSERT INTO public.customer (id, user_id, first_name, last_name, email, phone) VALUES (192, 'davila', 'Dahlia', 'Avila', 'davila@superbest.com', '(670) 203-8717');
INSERT INTO public.address (cust_id, address1, address2, city, zip, state, country) VALUES (192, '16 Laurel Lane', '', 'Greensburg', '42743', 'KY', 'USA');

INSERT INTO public.customer (id, user_id, first_name, last_name, email, phone) VALUES (193, 'gpowell', 'Gil', 'Powell', 'gpowell@zmail.com', '(302) 916-5089');
INSERT INTO public.address (cust_id, address1, address2, city, zip, state, country) VALUES (193, '51 Pinecrest Drive', '', 'Telluride', '81435', 'CO', 'USA');

INSERT INTO public.customer (id, user_id, first_name, last_name, email, phone) VALUES (194, 'gnichols', 'Genoveva', 'Nichols', 'gnichols@yihaa.com', '(440) 151-1705');
INSERT INTO public.address (cust_id, address1, address2, city, zip, state, country) VALUES (194, '72 Hawthorn Drive', '', 'Boaz', '53573', 'WI', 'USA');

INSERT INTO public.customer (id, user_id, first_name, last_name, email, phone) VALUES (195, 'arussell', 'Arden', 'Russell', 'arussell@forfree.com', '(832) 824-7856');
INSERT INTO public.address (cust_id, address1, address2, city, zip, state, country) VALUES (195, '43 Mahogany Way', '', 'New Market', '47965', 'IN', 'USA');

INSERT INTO public.customer (id, user_id, first_name, last_name, email, phone) VALUES (196, 'lsexton', 'Landon', 'Sexton', 'lsexton@firstsimple.com', '(302) 741-6817');
INSERT INTO public.address (cust_id, address1, address2, city, zip, state, country) VALUES (196, '97 Pinecrest Drive', '', 'Ko Olina', '96707', 'HI', 'USA');

INSERT INTO public.customer (id, user_id, first_name, last_name, email, phone) VALUES (197, 'lortiz', 'Leila', 'Ortiz', 'lortiz@forfree.com', '(214) 450-3883');
INSERT INTO public.address (cust_id, address1, address2, city, zip, state, country) VALUES (197, '22 Hawthorn Drive', '', 'Elk Mound', '54739', 'WI', 'USA');

INSERT INTO public.customer (id, user_id, first_name, last_name, email, phone) VALUES (198, 'arobinson', 'Arianna', 'Robinson', 'arobinson@firstsimple.com', '(458) 478-1118');
INSERT INTO public.address (cust_id, address1, address2, city, zip, state, country) VALUES (198, '54 Holly Hill', '', 'Chevy Chase', '20814', 'MD', 'USA');

INSERT INTO public.customer (id, user_id, first_name, last_name, email, phone) VALUES (199, 'mperry', 'Maren', 'Perry', 'mperry@yihaa.com', '(916) 601-7486');
INSERT INTO public.address (cust_id, address1, address2, city, zip, state, country) VALUES (199, '62 Willow Lane', '', 'East Nicolaus', '95659', 'CA', 'USA');

INSERT INTO public.customer (id, user_id, first_name, last_name, email, phone) VALUES (200, 'mballard', 'Miguela', 'Ballard', 'mballard@random.com', '(484) 646-1017');
INSERT INTO public.address (cust_id, address1, address2, city, zip, state, country) VALUES (200, '71 Grove Street', '', 'Courtenay', '58426', 'ND', 'USA');

--
-- Data for Name: orders; Type: TABLE DATA; Schema: public; Owner: debeziumrepgroup
--

INSERT INTO public.orders (id, customer_id, order_ts) VALUES (104, 'aoconnell2', '2026-02-23 11:07:16.688');
INSERT INTO public.orders (id, customer_id, order_ts) VALUES (105, 'phernandez', '2026-03-09 01:40:43');
INSERT INTO public.orders (id, customer_id, order_ts) VALUES (106, 'sday', '2026-02-19 16:12:31.301');
INSERT INTO public.orders (id, customer_id, order_ts) VALUES (107, 'mhansen', '2026-02-25 02:13:26.635');
INSERT INTO public.orders (id, customer_id, order_ts) VALUES (108, 'elong', '2026-02-28 15:45:37.082');
INSERT INTO public.orders (id, customer_id, order_ts) VALUES (109, 'scrane', '2026-03-04 23:03:21.539');
INSERT INTO public.orders (id, customer_id, order_ts) VALUES (110, 'fperry', '2026-02-18 01:54:26.288');
INSERT INTO public.orders (id, customer_id, order_ts) VALUES (111, 'vmcpherson', '2026-03-03 14:44:12.053');
INSERT INTO public.orders (id, customer_id, order_ts) VALUES (112, 'aoconnell', '2026-02-23 07:24:22.32');
INSERT INTO public.orders (id, customer_id, order_ts) VALUES (113, 'kbrooks', '2026-03-10 08:54:25.626');
INSERT INTO public.orders (id, customer_id, order_ts) VALUES (114, 'erodriguez', '2026-02-25 18:12:24.633');
INSERT INTO public.orders (id, customer_id, order_ts) VALUES (115, 'scopeland', '2026-02-20 16:53:18.293');
INSERT INTO public.orders (id, customer_id, order_ts) VALUES (116, 'fboone', '2026-02-22 11:41:30.071');
INSERT INTO public.orders (id, customer_id, order_ts) VALUES (117, 'pfrank', '2026-03-13 05:33:29.677');
INSERT INTO public.orders (id, customer_id, order_ts) VALUES (118, 'gvaughn', '2026-02-23 23:54:18.453');
INSERT INTO public.orders (id, customer_id, order_ts) VALUES (119, 'cflores', '2026-03-14 03:32:15.496');
INSERT INTO public.orders (id, customer_id, order_ts) VALUES (120, 'fcantu', '2026-02-25 03:55:09.145');
INSERT INTO public.orders (id, customer_id, order_ts) VALUES (121, 'eramirez', '2026-02-26 18:00:03.655');
INSERT INTO public.orders (id, customer_id, order_ts) VALUES (122, 'lcruz', '2026-03-13 07:32:11.347');
INSERT INTO public.orders (id, customer_id, order_ts) VALUES (123, 'rflores', '2026-02-15 16:15:25.853');
INSERT INTO public.orders (id, customer_id, order_ts) VALUES (124, 'akelly', '2026-03-15 05:40:04.209');
INSERT INTO public.orders (id, customer_id, order_ts) VALUES (125, 'afreeman', '2026-02-21 07:25:33.239');
INSERT INTO public.orders (id, customer_id, order_ts) VALUES (126, 'asanders', '2026-02-17 14:55:12.541');
INSERT INTO public.orders (id, customer_id, order_ts) VALUES (127, 'dwilson', '2026-02-20 10:30:19.962');
INSERT INTO public.orders (id, customer_id, order_ts) VALUES (128, 'mperry', '2026-03-05 07:57:41.974');
INSERT INTO public.orders (id, customer_id, order_ts) VALUES (129, 'rwright', '2026-03-07 10:52:53.71');
INSERT INTO public.orders (id, customer_id, order_ts) VALUES (130, 'jcarroll', '2026-03-15 04:51:58.161');
INSERT INTO public.orders (id, customer_id, order_ts) VALUES (131, 'efisher', '2026-02-21 20:52:19.228');
INSERT INTO public.orders (id, customer_id, order_ts) VALUES (132, 'pfrank', '2026-03-08 19:11:37.516');
INSERT INTO public.orders (id, customer_id, order_ts) VALUES (133, 'ataylor', '2026-03-04 03:06:30.048');
INSERT INTO public.orders (id, customer_id, order_ts) VALUES (134, 'rtran', '2026-03-05 10:48:43.417');
INSERT INTO public.orders (id, customer_id, order_ts) VALUES (135, 'mmiller', '2026-02-14 21:35:23.006');
INSERT INTO public.orders (id, customer_id, order_ts) VALUES (136, 'hnguyen', '2026-02-23 11:06:42.082');
INSERT INTO public.orders (id, customer_id, order_ts) VALUES (137, 'gmclaughlin', '2026-03-05 16:28:35.036');
INSERT INTO public.orders (id, customer_id, order_ts) VALUES (138, 'slopez', '2026-02-17 19:48:54.341');
INSERT INTO public.orders (id, customer_id, order_ts) VALUES (139, 'mlopez', '2026-02-21 15:57:37.094');
INSERT INTO public.orders (id, customer_id, order_ts) VALUES (140, 'ehobbs', '2026-02-13 22:56:23.201');
INSERT INTO public.orders (id, customer_id, order_ts) VALUES (141, 'tmurray', '2026-02-16 16:56:22.968');
INSERT INTO public.orders (id, customer_id, order_ts) VALUES (142, 'eharvey', '2026-02-17 02:22:58.657');
INSERT INTO public.orders (id, customer_id, order_ts) VALUES (143, 'afreeman', '2026-02-25 13:29:51.639');
INSERT INTO public.orders (id, customer_id, order_ts) VALUES (144, 'kchang', '2026-03-07 20:37:52.421');
INSERT INTO public.orders (id, customer_id, order_ts) VALUES (145, 'gvaughn', '2026-03-06 21:04:38.133');
INSERT INTO public.orders (id, customer_id, order_ts) VALUES (146, 'athompson', '2026-03-10 15:01:35.096');
INSERT INTO public.orders (id, customer_id, order_ts) VALUES (147, 'gvaughn', '2026-03-04 17:46:57.187');
INSERT INTO public.orders (id, customer_id, order_ts) VALUES (148, 'csanchez', '2026-03-12 07:31:35.347');
INSERT INTO public.orders (id, customer_id, order_ts) VALUES (149, 'nfuller', '2026-03-05 07:56:05.018');
INSERT INTO public.orders (id, customer_id, order_ts) VALUES (150, 'hbell', '2026-02-16 09:04:55.15');
INSERT INTO public.orders (id, customer_id, order_ts) VALUES (151, 'jchapman', '2026-03-06 17:53:30.015');
INSERT INTO public.orders (id, customer_id, order_ts) VALUES (152, 'aturner', '2026-02-18 20:31:08.007');
INSERT INTO public.orders (id, customer_id, order_ts) VALUES (153, 'fmosley2', '2026-02-21 20:46:19.327');
INSERT INTO public.orders (id, customer_id, order_ts) VALUES (154, 'asilva', '2026-03-07 21:35:04.323');
INSERT INTO public.orders (id, customer_id, order_ts) VALUES (155, 'emurphy', '2026-02-13 22:04:06.792');
INSERT INTO public.orders (id, customer_id, order_ts) VALUES (156, 'eortiz', '2026-03-11 07:37:55.741');
INSERT INTO public.orders (id, customer_id, order_ts) VALUES (157, 'rkennedy', '2026-02-19 17:56:02.279');
INSERT INTO public.orders (id, customer_id, order_ts) VALUES (158, 'zcole', '2026-03-03 20:13:36.906');
INSERT INTO public.orders (id, customer_id, order_ts) VALUES (159, 'ataylor', '2026-03-11 11:24:58.842');
INSERT INTO public.orders (id, customer_id, order_ts) VALUES (160, 'cwatson', '2026-02-26 06:18:41.155');
INSERT INTO public.orders (id, customer_id, order_ts) VALUES (161, 'vthomas', '2026-03-11 12:34:11.204');
INSERT INTO public.orders (id, customer_id, order_ts) VALUES (162, 'gpowell', '2026-02-27 17:44:31.58');
INSERT INTO public.orders (id, customer_id, order_ts) VALUES (163, 'emaddox', '2026-02-28 09:58:04.63');
INSERT INTO public.orders (id, customer_id, order_ts) VALUES (164, 'ledwards', '2026-02-23 17:22:50.079');
INSERT INTO public.orders (id, customer_id, order_ts) VALUES (165, 'mhoffman', '2026-02-18 14:02:41.91');
INSERT INTO public.orders (id, customer_id, order_ts) VALUES (166, 'cwatson', '2026-02-27 21:07:00.297');
INSERT INTO public.orders (id, customer_id, order_ts) VALUES (167, 'jlittle', '2026-02-13 16:34:22.333');
INSERT INTO public.orders (id, customer_id, order_ts) VALUES (168, 'jwest', '2026-03-01 16:50:36.336');
INSERT INTO public.orders (id, customer_id, order_ts) VALUES (169, 'fmosley2', '2026-02-28 20:40:58.395');
INSERT INTO public.orders (id, customer_id, order_ts) VALUES (170, 'iwhite', '2026-02-16 18:15:17.451');
INSERT INTO public.orders (id, customer_id, order_ts) VALUES (171, 'afreeman', '2026-03-09 17:10:03.137');
INSERT INTO public.orders (id, customer_id, order_ts) VALUES (172, 'acarter', '2026-02-19 02:10:47.568');
INSERT INTO public.orders (id, customer_id, order_ts) VALUES (173, 'ascott', '2026-02-20 20:08:38.836');
INSERT INTO public.orders (id, customer_id, order_ts) VALUES (174, 'jgonzalez2', '2026-02-25 03:53:57.578');
INSERT INTO public.orders (id, customer_id, order_ts) VALUES (175, 'erodriguez', '2026-02-14 04:39:11.339');
INSERT INTO public.orders (id, customer_id, order_ts) VALUES (176, 'gvaughn', '2026-03-10 18:51:20.418');
INSERT INTO public.orders (id, customer_id, order_ts) VALUES (177, 'eavila', '2026-03-04 12:10:23.47');
INSERT INTO public.orders (id, customer_id, order_ts) VALUES (178, 'gpowell', '2026-02-22 18:02:28.155');
INSERT INTO public.orders (id, customer_id, order_ts) VALUES (179, 'evaughn', '2026-03-03 16:59:34.335');
INSERT INTO public.orders (id, customer_id, order_ts) VALUES (180, 'tcarroll', '2026-03-03 17:55:17.78');
INSERT INTO public.orders (id, customer_id, order_ts) VALUES (181, 'cchang2', '2026-03-11 07:12:43.699');
INSERT INTO public.orders (id, customer_id, order_ts) VALUES (182, 'davila', '2026-03-04 13:49:51.476');
INSERT INTO public.orders (id, customer_id, order_ts) VALUES (183, 'bjensen', '2026-02-17 19:12:13.045');
INSERT INTO public.orders (id, customer_id, order_ts) VALUES (184, 'rwest', '2026-02-24 06:16:50.507');
INSERT INTO public.orders (id, customer_id, order_ts) VALUES (185, 'eharvey', '2026-03-11 14:29:16.319');
INSERT INTO public.orders (id, customer_id, order_ts) VALUES (186, 'vdaugherty', '2026-03-09 21:38:52.873');
INSERT INTO public.orders (id, customer_id, order_ts) VALUES (187, 'mmaddox', '2026-02-22 00:01:29.657');
INSERT INTO public.orders (id, customer_id, order_ts) VALUES (188, 'acarter', '2026-02-19 10:46:20.124');
INSERT INTO public.orders (id, customer_id, order_ts) VALUES (189, 'tmueller', '2026-03-08 22:40:32.292');
INSERT INTO public.orders (id, customer_id, order_ts) VALUES (190, 'pgarcia', '2026-03-11 16:14:51.002');
INSERT INTO public.orders (id, customer_id, order_ts) VALUES (191, 'rgardner', '2026-03-04 09:16:52.218');
INSERT INTO public.orders (id, customer_id, order_ts) VALUES (192, 'aavila', '2026-03-01 04:03:53.747');
INSERT INTO public.orders (id, customer_id, order_ts) VALUES (193, 'laustin', '2026-02-14 07:56:03.633');
INSERT INTO public.orders (id, customer_id, order_ts) VALUES (194, 'jstewart', '2026-03-06 10:22:31.209');
INSERT INTO public.orders (id, customer_id, order_ts) VALUES (195, 'fmosley2', '2026-02-26 17:40:42.949');
INSERT INTO public.orders (id, customer_id, order_ts) VALUES (196, 'mhorn', '2026-03-04 16:37:33.608');
INSERT INTO public.orders (id, customer_id, order_ts) VALUES (197, 'rwest', '2026-03-08 19:51:41.637');
INSERT INTO public.orders (id, customer_id, order_ts) VALUES (198, 'jlong', '2026-02-24 09:51:21.842');
INSERT INTO public.orders (id, customer_id, order_ts) VALUES (199, 'efisher', '2026-02-25 20:03:19.634');
INSERT INTO public.orders (id, customer_id, order_ts) VALUES (200, 'scrane', '2026-02-14 19:19:06.404');
INSERT INTO public.orders (id, customer_id, order_ts) VALUES (201, 'phernandez', '2026-03-06 14:15:52.166');
INSERT INTO public.orders (id, customer_id, order_ts) VALUES (202, 'sturner', '2026-03-07 06:06:46.075');
INSERT INTO public.orders (id, customer_id, order_ts) VALUES (203, 'zcole', '2026-03-10 03:19:49.933');
INSERT INTO public.orders (id, customer_id, order_ts) VALUES (204, 'egonzalez', '2026-02-19 07:56:29.916');
INSERT INTO public.orders (id, customer_id, order_ts) VALUES (205, 'asilva', '2026-02-22 01:41:24.823');
INSERT INTO public.orders (id, customer_id, order_ts) VALUES (206, 'ohunter', '2026-03-02 10:27:05.897');
INSERT INTO public.orders (id, customer_id, order_ts) VALUES (207, 'ssalazar', '2026-03-02 23:19:22.521');
INSERT INTO public.orders (id, customer_id, order_ts) VALUES (208, 'sbutler', '2026-02-22 12:20:03.775');
INSERT INTO public.orders (id, customer_id, order_ts) VALUES (209, 'jgonzalez2', '2026-03-11 00:37:08.268');
INSERT INTO public.orders (id, customer_id, order_ts) VALUES (210, 'fmosley2', '2026-03-09 02:05:45.742');
INSERT INTO public.orders (id, customer_id, order_ts) VALUES (211, 'kbrooks', '2026-02-20 00:33:20.643');
INSERT INTO public.orders (id, customer_id, order_ts) VALUES (212, 'mroberson', '2026-02-15 08:53:49.21');
INSERT INTO public.orders (id, customer_id, order_ts) VALUES (213, 'mhoffman', '2026-03-05 17:13:21.287');
INSERT INTO public.orders (id, customer_id, order_ts) VALUES (214, 'lrodriguez', '2026-02-21 05:17:31.833');
INSERT INTO public.orders (id, customer_id, order_ts) VALUES (215, 'whurst', '2026-03-11 10:55:14.265');
INSERT INTO public.orders (id, customer_id, order_ts) VALUES (216, 'tcarroll', '2026-03-04 06:27:30.507');
INSERT INTO public.orders (id, customer_id, order_ts) VALUES (217, 'kkim', '2026-02-18 08:25:48.311');
INSERT INTO public.orders (id, customer_id, order_ts) VALUES (218, 'blee', '2026-02-18 06:43:47.705');
INSERT INTO public.orders (id, customer_id, order_ts) VALUES (219, 'esavage', '2026-02-24 08:21:26.762');
INSERT INTO public.orders (id, customer_id, order_ts) VALUES (220, 'cmosley', '2026-03-14 00:34:08.271');
INSERT INTO public.orders (id, customer_id, order_ts) VALUES (221, 'emaddox', '2026-03-13 11:14:27.236');
INSERT INTO public.orders (id, customer_id, order_ts) VALUES (222, 'whurst', '2026-02-26 16:45:44.556');
INSERT INTO public.orders (id, customer_id, order_ts) VALUES (223, 'kkim', '2026-03-13 19:51:39.814');
INSERT INTO public.orders (id, customer_id, order_ts) VALUES (224, 'sgriffith', '2026-02-19 13:03:29.349');
INSERT INTO public.orders (id, customer_id, order_ts) VALUES (225, 'onorris', '2026-02-21 15:30:10.375');
INSERT INTO public.orders (id, customer_id, order_ts) VALUES (226, 'jwest', '2026-03-04 08:23:25.358');
INSERT INTO public.orders (id, customer_id, order_ts) VALUES (227, 'aavila', '2026-03-03 08:48:39.873');
INSERT INTO public.orders (id, customer_id, order_ts) VALUES (228, 'gjohnson', '2026-02-21 12:48:16.138');
INSERT INTO public.orders (id, customer_id, order_ts) VALUES (229, 'vdunlap', '2026-03-06 10:16:48.972');
INSERT INTO public.orders (id, customer_id, order_ts) VALUES (230, 'jgonzalez2', '2026-03-06 21:45:29.257');
INSERT INTO public.orders (id, customer_id, order_ts) VALUES (231, 'asilva', '2026-03-03 02:08:14.875');
INSERT INTO public.orders (id, customer_id, order_ts) VALUES (232, 'jwest', '2026-03-14 11:51:16.848');
INSERT INTO public.orders (id, customer_id, order_ts) VALUES (233, 'iwhite', '2026-02-21 09:27:43.303');
INSERT INTO public.orders (id, customer_id, order_ts) VALUES (234, 'ledwards', '2026-03-06 11:41:41.252');
INSERT INTO public.orders (id, customer_id, order_ts) VALUES (235, 'cflores', '2026-02-26 01:19:31.988');
INSERT INTO public.orders (id, customer_id, order_ts) VALUES (236, 'ehobbs', '2026-02-17 11:51:16.534');
INSERT INTO public.orders (id, customer_id, order_ts) VALUES (237, 'cchang', '2026-03-02 00:14:20.309');
INSERT INTO public.orders (id, customer_id, order_ts) VALUES (238, 'cchang', '2026-03-12 11:13:24.355');
INSERT INTO public.orders (id, customer_id, order_ts) VALUES (239, 'sturner', '2026-02-20 10:48:49.956');
INSERT INTO public.orders (id, customer_id, order_ts) VALUES (240, 'ebryant', '2026-02-23 20:01:40.762');
INSERT INTO public.orders (id, customer_id, order_ts) VALUES (241, 'efisher', '2026-03-08 00:49:02.088');
INSERT INTO public.orders (id, customer_id, order_ts) VALUES (242, 'kfoster', '2026-03-12 08:27:52.547');
INSERT INTO public.orders (id, customer_id, order_ts) VALUES (243, 'amccarthy', '2026-02-27 11:50:14.602');
INSERT INTO public.orders (id, customer_id, order_ts) VALUES (244, 'slopez', '2026-03-10 08:58:17.924');
INSERT INTO public.orders (id, customer_id, order_ts) VALUES (245, 'sday', '2026-03-05 02:39:28.243');
INSERT INTO public.orders (id, customer_id, order_ts) VALUES (246, 'hbell', '2026-03-13 07:16:13.729');
INSERT INTO public.orders (id, customer_id, order_ts) VALUES (247, 'jlittle', '2026-03-14 00:03:03.294');
INSERT INTO public.orders (id, customer_id, order_ts) VALUES (248, 'eortiz', '2026-03-11 23:33:49.664');
INSERT INTO public.orders (id, customer_id, order_ts) VALUES (249, 'soliver', '2026-02-25 15:31:42.228');
INSERT INTO public.orders (id, customer_id, order_ts) VALUES (250, 'cmosley', '2026-03-05 07:45:45.646');
INSERT INTO public.orders (id, customer_id, order_ts) VALUES (251, 'pgarcia', '2026-02-13 18:19:07.985');
INSERT INTO public.orders (id, customer_id, order_ts) VALUES (252, 'twhite', '2026-02-27 09:35:03.087');
INSERT INTO public.orders (id, customer_id, order_ts) VALUES (253, 'ccantu', '2026-03-06 03:17:14.127');
INSERT INTO public.orders (id, customer_id, order_ts) VALUES (254, 'fmcdonald', '2026-03-05 06:35:29.224');
INSERT INTO public.orders (id, customer_id, order_ts) VALUES (255, 'rparker', '2026-03-11 12:36:20.735');

--
-- Data for Name: line_item; Type: TABLE DATA; Schema: public; Owner: debeziumrepgroup
--

INSERT INTO public.line_item (id, price, product_code, quantity, order_id) VALUES (323, 46.00, 'RHNAM-054E-RED', 2, 104);
INSERT INTO public.line_item (id, price, product_code, quantity, order_id) VALUES (324, 16.99, 'RHNAM-250', 1, 104);
INSERT INTO public.line_item (id, price, product_code, quantity, order_id) VALUES (325, 46.00, 'RHNAM-054E-RED', 2, 105);
INSERT INTO public.line_item (id, price, product_code, quantity, order_id) VALUES (326, 13.50, 'RHNL-018', 3, 105);
INSERT INTO public.line_item (id, price, product_code, quantity, order_id) VALUES (327, 13.00, '444435', 2, 105);
INSERT INTO public.line_item (id, price, product_code, quantity, order_id) VALUES (328, 11.00, 'RHNAM-231', 1, 106);
INSERT INTO public.line_item (id, price, product_code, quantity, order_id) VALUES (329, 17.25, 'RHNL-005', 3, 107);
INSERT INTO public.line_item (id, price, product_code, quantity, order_id) VALUES (330, 10.00, 'RHNAM-233', 2, 107);
INSERT INTO public.line_item (id, price, product_code, quantity, order_id) VALUES (331, 27.50, 'RHNL-009', 1, 107);
INSERT INTO public.line_item (id, price, product_code, quantity, order_id) VALUES (332, 12.00, 'RHNL-004', 3, 108);
INSERT INTO public.line_item (id, price, product_code, quantity, order_id) VALUES (333, 11.00, 'RHNAM-239', 2, 109);
INSERT INTO public.line_item (id, price, product_code, quantity, order_id) VALUES (334, 8.95, 'RHNL-008', 2, 110);
INSERT INTO public.line_item (id, price, product_code, quantity, order_id) VALUES (335, 25.00, 'RHNAM-219-BLKGRY', 2, 110);
INSERT INTO public.line_item (id, price, product_code, quantity, order_id) VALUES (336, 11.00, 'RHNAM-234', 1, 111);
INSERT INTO public.line_item (id, price, product_code, quantity, order_id) VALUES (337, 739.00, '328580', 3, 111);
INSERT INTO public.line_item (id, price, product_code, quantity, order_id) VALUES (338, 13.90, '101808', 3, 111);
INSERT INTO public.line_item (id, price, product_code, quantity, order_id) VALUES (339, 129.95, 'RHNAM-252-BLK', 2, 112);
INSERT INTO public.line_item (id, price, product_code, quantity, order_id) VALUES (340, 2.25, '144011', 2, 112);
INSERT INTO public.line_item (id, price, product_code, quantity, order_id) VALUES (341, 129.95, 'RHNAM-252-BLK', 2, 113);
INSERT INTO public.line_item (id, price, product_code, quantity, order_id) VALUES (342, 17.25, 'RHNL-005', 2, 113);
INSERT INTO public.line_item (id, price, product_code, quantity, order_id) VALUES (343, 16.99, 'RHNAM-250', 2, 113);
INSERT INTO public.line_item (id, price, product_code, quantity, order_id) VALUES (344, 11.00, 'RHNAM-231', 3, 113);
INSERT INTO public.line_item (id, price, product_code, quantity, order_id) VALUES (345, 11.25, 'RHNL-006', 2, 113);
INSERT INTO public.line_item (id, price, product_code, quantity, order_id) VALUES (346, 29.00, '459639', 2, 114);
INSERT INTO public.line_item (id, price, product_code, quantity, order_id) VALUES (347, 14.00, 'RHNAM-222', 2, 115);
INSERT INTO public.line_item (id, price, product_code, quantity, order_id) VALUES (348, 129.95, 'RHNAM-252-BLK', 3, 115);
INSERT INTO public.line_item (id, price, product_code, quantity, order_id) VALUES (349, 2.75, '444437', 2, 115);
INSERT INTO public.line_item (id, price, product_code, quantity, order_id) VALUES (350, 11.85, 'RHNAM-465', 2, 116);
INSERT INTO public.line_item (id, price, product_code, quantity, order_id) VALUES (351, 9.00, '329199', 3, 116);
INSERT INTO public.line_item (id, price, product_code, quantity, order_id) VALUES (352, 13.50, 'RHNL-018', 3, 116);
INSERT INTO public.line_item (id, price, product_code, quantity, order_id) VALUES (353, 1049.00, '422807', 1, 116);
INSERT INTO public.line_item (id, price, product_code, quantity, order_id) VALUES (354, 11.25, 'RHNL-006', 2, 116);
INSERT INTO public.line_item (id, price, product_code, quantity, order_id) VALUES (355, 12.00, 'RHNL-016', 2, 117);
INSERT INTO public.line_item (id, price, product_code, quantity, order_id) VALUES (356, 17.25, 'RHNL-005', 2, 117);
INSERT INTO public.line_item (id, price, product_code, quantity, order_id) VALUES (357, 4.30, 'RHNL-015', 2, 117);
INSERT INTO public.line_item (id, price, product_code, quantity, order_id) VALUES (358, 2.75, '444437', 2, 117);
INSERT INTO public.line_item (id, price, product_code, quantity, order_id) VALUES (359, 11.25, 'RHNL-006', 2, 118);
INSERT INTO public.line_item (id, price, product_code, quantity, order_id) VALUES (360, 14.00, 'RHNAM-222', 3, 119);
INSERT INTO public.line_item (id, price, product_code, quantity, order_id) VALUES (361, 11.00, 'RHNAM-239', 2, 119);
INSERT INTO public.line_item (id, price, product_code, quantity, order_id) VALUES (362, 20.00, 'RHNAM-240', 2, 119);
INSERT INTO public.line_item (id, price, product_code, quantity, order_id) VALUES (363, 11.00, 'RHNAM-179', 1, 119);
INSERT INTO public.line_item (id, price, product_code, quantity, order_id) VALUES (364, 10.00, '329299', 2, 120);
INSERT INTO public.line_item (id, price, product_code, quantity, order_id) VALUES (365, 6.00, 'RHNAM-094-WHT', 1, 120);
INSERT INTO public.line_item (id, price, product_code, quantity, order_id) VALUES (366, 6.95, 'RHNL-002', 3, 120);
INSERT INTO public.line_item (id, price, product_code, quantity, order_id) VALUES (367, 12.00, 'RHNL-004', 2, 120);
INSERT INTO public.line_item (id, price, product_code, quantity, order_id) VALUES (368, 12.00, 'RHNL-016', 1, 121);
INSERT INTO public.line_item (id, price, product_code, quantity, order_id) VALUES (369, 11.00, 'RHNAM-231', 1, 121);
INSERT INTO public.line_item (id, price, product_code, quantity, order_id) VALUES (370, 5.85, 'RHNAM-023E-RED', 2, 121);
INSERT INTO public.line_item (id, price, product_code, quantity, order_id) VALUES (371, 1049.00, '422807', 1, 122);
INSERT INTO public.line_item (id, price, product_code, quantity, order_id) VALUES (372, 11.85, 'RHNAM-465', 1, 123);
INSERT INTO public.line_item (id, price, product_code, quantity, order_id) VALUES (373, 12.50, 'RHNAM-255', 1, 123);
INSERT INTO public.line_item (id, price, product_code, quantity, order_id) VALUES (374, 29.00, 'RHNL-007', 2, 123);
INSERT INTO public.line_item (id, price, product_code, quantity, order_id) VALUES (375, 16.99, 'RHNAM-250', 2, 124);
INSERT INTO public.line_item (id, price, product_code, quantity, order_id) VALUES (376, 12.00, 'RHNL-016', 3, 125);
INSERT INTO public.line_item (id, price, product_code, quantity, order_id) VALUES (377, 17.25, 'RHNL-005', 2, 125);
INSERT INTO public.line_item (id, price, product_code, quantity, order_id) VALUES (378, 27.50, 'RHNL-009', 1, 125);
INSERT INTO public.line_item (id, price, product_code, quantity, order_id) VALUES (379, 13.00, '444435', 2, 125);
INSERT INTO public.line_item (id, price, product_code, quantity, order_id) VALUES (380, 0.90, 'RHNAM-245', 1, 125);
INSERT INTO public.line_item (id, price, product_code, quantity, order_id) VALUES (381, 6.00, 'RHNAM-094-WHT', 1, 126);
INSERT INTO public.line_item (id, price, product_code, quantity, order_id) VALUES (382, 2.25, '144011', 2, 126);
INSERT INTO public.line_item (id, price, product_code, quantity, order_id) VALUES (383, 11.00, 'RHNAM-232', 3, 127);
INSERT INTO public.line_item (id, price, product_code, quantity, order_id) VALUES (384, 8.95, 'RHNL-008', 2, 127);
INSERT INTO public.line_item (id, price, product_code, quantity, order_id) VALUES (385, 20.00, 'RHNAM-240', 2, 127);
INSERT INTO public.line_item (id, price, product_code, quantity, order_id) VALUES (386, 5.85, 'RHNAM-023E-RED', 2, 127);
INSERT INTO public.line_item (id, price, product_code, quantity, order_id) VALUES (387, 9.00, '444434', 3, 128);
INSERT INTO public.line_item (id, price, product_code, quantity, order_id) VALUES (388, 17.25, 'RHNL-005', 2, 128);
INSERT INTO public.line_item (id, price, product_code, quantity, order_id) VALUES (389, 13.50, 'RHNL-018', 1, 128);
INSERT INTO public.line_item (id, price, product_code, quantity, order_id) VALUES (390, 12.50, 'RHNAM-255', 2, 128);
INSERT INTO public.line_item (id, price, product_code, quantity, order_id) VALUES (391, 12.00, 'RHNL-004', 1, 129);
INSERT INTO public.line_item (id, price, product_code, quantity, order_id) VALUES (392, 11.25, 'RHNL-006', 2, 129);
INSERT INTO public.line_item (id, price, product_code, quantity, order_id) VALUES (393, 26.50, 'RHNAM-095-RED', 1, 129);
INSERT INTO public.line_item (id, price, product_code, quantity, order_id) VALUES (394, 6.00, 'RHNAM-094-WHT', 2, 130);
INSERT INTO public.line_item (id, price, product_code, quantity, order_id) VALUES (395, 12.80, '101793', 1, 131);
INSERT INTO public.line_item (id, price, product_code, quantity, order_id) VALUES (396, 8.95, 'RHNL-008', 2, 131);
INSERT INTO public.line_item (id, price, product_code, quantity, order_id) VALUES (397, 11.00, 'RHNAM-239', 2, 132);
INSERT INTO public.line_item (id, price, product_code, quantity, order_id) VALUES (398, 56.00, '165954', 1, 132);
INSERT INTO public.line_item (id, price, product_code, quantity, order_id) VALUES (399, 11.00, 'RHNAM-179', 1, 132);
INSERT INTO public.line_item (id, price, product_code, quantity, order_id) VALUES (400, 14.45, '165614', 3, 132);
INSERT INTO public.line_item (id, price, product_code, quantity, order_id) VALUES (401, 4.15, '165613', 1, 133);
INSERT INTO public.line_item (id, price, product_code, quantity, order_id) VALUES (402, 5.75, 'RHNAM-042E', 2, 133);
INSERT INTO public.line_item (id, price, product_code, quantity, order_id) VALUES (403, 56.00, '165954', 1, 133);
INSERT INTO public.line_item (id, price, product_code, quantity, order_id) VALUES (404, 17.25, 'RHNL-005', 3, 134);
INSERT INTO public.line_item (id, price, product_code, quantity, order_id) VALUES (405, 739.00, '328580', 1, 134);
INSERT INTO public.line_item (id, price, product_code, quantity, order_id) VALUES (406, 11.00, 'RHNAM-234', 2, 135);
INSERT INTO public.line_item (id, price, product_code, quantity, order_id) VALUES (407, 12.80, '101793', 1, 135);
INSERT INTO public.line_item (id, price, product_code, quantity, order_id) VALUES (408, 17.25, 'RHNL-005', 3, 135);
INSERT INTO public.line_item (id, price, product_code, quantity, order_id) VALUES (409, 13.90, '101759', 3, 135);
INSERT INTO public.line_item (id, price, product_code, quantity, order_id) VALUES (410, 5.85, 'RHNAM-023E-RED', 3, 136);
INSERT INTO public.line_item (id, price, product_code, quantity, order_id) VALUES (411, 11.00, 'RHNAM-232', 1, 137);
INSERT INTO public.line_item (id, price, product_code, quantity, order_id) VALUES (412, 27.50, 'RHNL-009', 3, 137);
INSERT INTO public.line_item (id, price, product_code, quantity, order_id) VALUES (413, 29.00, '459639', 1, 137);
INSERT INTO public.line_item (id, price, product_code, quantity, order_id) VALUES (414, 11.00, 'RHNAM-232', 3, 138);
INSERT INTO public.line_item (id, price, product_code, quantity, order_id) VALUES (415, 12.00, 'RHNL-004', 3, 138);
INSERT INTO public.line_item (id, price, product_code, quantity, order_id) VALUES (416, 20.00, 'RHNAM-240', 1, 139);
INSERT INTO public.line_item (id, price, product_code, quantity, order_id) VALUES (417, 46.00, 'RHNAM-054E-RED', 1, 140);
INSERT INTO public.line_item (id, price, product_code, quantity, order_id) VALUES (418, 26.95, 'RHNL-017', 2, 140);
INSERT INTO public.line_item (id, price, product_code, quantity, order_id) VALUES (419, 13.90, '101759', 1, 140);
INSERT INTO public.line_item (id, price, product_code, quantity, order_id) VALUES (420, 13.90, '101808', 2, 140);
INSERT INTO public.line_item (id, price, product_code, quantity, order_id) VALUES (421, 26.50, 'RHNAM-095-RED', 1, 140);
INSERT INTO public.line_item (id, price, product_code, quantity, order_id) VALUES (422, 14.00, 'RHNAM-222', 2, 141);
INSERT INTO public.line_item (id, price, product_code, quantity, order_id) VALUES (423, 26.95, 'RHNL-017', 3, 141);
INSERT INTO public.line_item (id, price, product_code, quantity, order_id) VALUES (424, 13.50, 'RHNL-018', 3, 141);
INSERT INTO public.line_item (id, price, product_code, quantity, order_id) VALUES (425, 8.95, 'RHNL-008', 3, 141);
INSERT INTO public.line_item (id, price, product_code, quantity, order_id) VALUES (426, 25.00, 'RHNAM-219-BLKGRY', 1, 141);
INSERT INTO public.line_item (id, price, product_code, quantity, order_id) VALUES (427, 129.95, 'RHNAM-252-BLK', 2, 142);
INSERT INTO public.line_item (id, price, product_code, quantity, order_id) VALUES (428, 9.00, '329199', 1, 143);
INSERT INTO public.line_item (id, price, product_code, quantity, order_id) VALUES (429, 12.50, 'RHNAM-255', 2, 143);
INSERT INTO public.line_item (id, price, product_code, quantity, order_id) VALUES (430, 29.00, 'RHNL-007', 3, 143);
INSERT INTO public.line_item (id, price, product_code, quantity, order_id) VALUES (431, 4.30, 'RHNL-015', 2, 143);
INSERT INTO public.line_item (id, price, product_code, quantity, order_id) VALUES (432, 14.45, '165614', 2, 143);
INSERT INTO public.line_item (id, price, product_code, quantity, order_id) VALUES (433, 12.00, 'RHNL-016', 2, 144);
INSERT INTO public.line_item (id, price, product_code, quantity, order_id) VALUES (434, 11.00, 'RHNAM-179', 3, 144);
INSERT INTO public.line_item (id, price, product_code, quantity, order_id) VALUES (435, 14.45, '165614', 2, 144);
INSERT INTO public.line_item (id, price, product_code, quantity, order_id) VALUES (436, 16.99, 'RHNAM-250', 1, 145);
INSERT INTO public.line_item (id, price, product_code, quantity, order_id) VALUES (437, 2.75, '444437', 1, 145);
INSERT INTO public.line_item (id, price, product_code, quantity, order_id) VALUES (438, 2.25, '144011', 1, 146);
INSERT INTO public.line_item (id, price, product_code, quantity, order_id) VALUES (439, 11.00, 'RHNAM-234', 3, 147);
INSERT INTO public.line_item (id, price, product_code, quantity, order_id) VALUES (440, 5.75, 'RHNAM-042E', 3, 147);
INSERT INTO public.line_item (id, price, product_code, quantity, order_id) VALUES (441, 56.00, '165954', 2, 147);
INSERT INTO public.line_item (id, price, product_code, quantity, order_id) VALUES (442, 25.00, 'RHNAM-219-BLKGRY', 3, 147);
INSERT INTO public.line_item (id, price, product_code, quantity, order_id) VALUES (443, 11.00, 'RHNAM-234', 3, 148);
INSERT INTO public.line_item (id, price, product_code, quantity, order_id) VALUES (444, 11.00, 'RHNAM-232', 2, 148);
INSERT INTO public.line_item (id, price, product_code, quantity, order_id) VALUES (445, 14.45, '165614', 3, 148);
INSERT INTO public.line_item (id, price, product_code, quantity, order_id) VALUES (446, 12.50, 'RHNAM-255', 3, 149);
INSERT INTO public.line_item (id, price, product_code, quantity, order_id) VALUES (447, 0.90, 'RHNAM-245', 1, 149);
INSERT INTO public.line_item (id, price, product_code, quantity, order_id) VALUES (448, 12.80, '101793', 1, 150);
INSERT INTO public.line_item (id, price, product_code, quantity, order_id) VALUES (449, 38.50, 'RHNL-011', 1, 150);
INSERT INTO public.line_item (id, price, product_code, quantity, order_id) VALUES (450, 9.00, '444434', 1, 151);
INSERT INTO public.line_item (id, price, product_code, quantity, order_id) VALUES (451, 27.50, 'RHNL-009', 2, 151);
INSERT INTO public.line_item (id, price, product_code, quantity, order_id) VALUES (452, 1049.00, '422807', 3, 152);
INSERT INTO public.line_item (id, price, product_code, quantity, order_id) VALUES (453, 26.95, 'RHNL-017', 3, 153);
INSERT INTO public.line_item (id, price, product_code, quantity, order_id) VALUES (454, 38.50, 'RHNL-011', 2, 154);
INSERT INTO public.line_item (id, price, product_code, quantity, order_id) VALUES (455, 12.50, 'RHNAM-255', 3, 154);
INSERT INTO public.line_item (id, price, product_code, quantity, order_id) VALUES (456, 13.00, '444435', 2, 155);
INSERT INTO public.line_item (id, price, product_code, quantity, order_id) VALUES (457, 13.50, 'RHNL-018', 1, 156);
INSERT INTO public.line_item (id, price, product_code, quantity, order_id) VALUES (458, 56.00, '165954', 1, 156);
INSERT INTO public.line_item (id, price, product_code, quantity, order_id) VALUES (459, 5.75, 'RHNAM-042E', 3, 157);
INSERT INTO public.line_item (id, price, product_code, quantity, order_id) VALUES (460, 10.00, '329299', 1, 158);
INSERT INTO public.line_item (id, price, product_code, quantity, order_id) VALUES (461, 13.90, '101759', 2, 158);
INSERT INTO public.line_item (id, price, product_code, quantity, order_id) VALUES (462, 6.00, 'RHNAM-094-WHT', 1, 158);
INSERT INTO public.line_item (id, price, product_code, quantity, order_id) VALUES (463, 38.50, 'RHNL-011', 3, 158);
INSERT INTO public.line_item (id, price, product_code, quantity, order_id) VALUES (464, 4.15, '165613', 3, 159);
INSERT INTO public.line_item (id, price, product_code, quantity, order_id) VALUES (465, 14.00, 'RHNAM-222', 1, 159);
INSERT INTO public.line_item (id, price, product_code, quantity, order_id) VALUES (466, 12.00, 'RHNL-016', 1, 159);
INSERT INTO public.line_item (id, price, product_code, quantity, order_id) VALUES (467, 129.95, 'RHNAM-252-BLK', 3, 159);
INSERT INTO public.line_item (id, price, product_code, quantity, order_id) VALUES (468, 1049.00, '422807', 1, 159);
INSERT INTO public.line_item (id, price, product_code, quantity, order_id) VALUES (469, 11.00, 'RHNAM-232', 3, 160);
INSERT INTO public.line_item (id, price, product_code, quantity, order_id) VALUES (470, 27.50, 'RHNL-009', 3, 160);
INSERT INTO public.line_item (id, price, product_code, quantity, order_id) VALUES (471, 13.50, 'RHNL-018', 2, 161);
INSERT INTO public.line_item (id, price, product_code, quantity, order_id) VALUES (472, 1049.00, '422807', 1, 162);
INSERT INTO public.line_item (id, price, product_code, quantity, order_id) VALUES (473, 9.00, '329199', 1, 163);
INSERT INTO public.line_item (id, price, product_code, quantity, order_id) VALUES (474, 10.00, 'RHNAM-233', 1, 163);
INSERT INTO public.line_item (id, price, product_code, quantity, order_id) VALUES (475, 29.00, '459639', 1, 163);
INSERT INTO public.line_item (id, price, product_code, quantity, order_id) VALUES (476, 12.00, 'RHNL-004', 2, 163);
INSERT INTO public.line_item (id, price, product_code, quantity, order_id) VALUES (477, 2.75, '444437', 2, 163);
INSERT INTO public.line_item (id, price, product_code, quantity, order_id) VALUES (478, 11.00, 'RHNAM-232', 1, 164);
INSERT INTO public.line_item (id, price, product_code, quantity, order_id) VALUES (479, 10.00, 'RHNAM-233', 3, 164);
INSERT INTO public.line_item (id, price, product_code, quantity, order_id) VALUES (480, 38.50, 'RHNL-011', 2, 164);
INSERT INTO public.line_item (id, price, product_code, quantity, order_id) VALUES (481, 11.00, 'RHNAM-231', 1, 164);
INSERT INTO public.line_item (id, price, product_code, quantity, order_id) VALUES (482, 2.75, '444437', 2, 164);
INSERT INTO public.line_item (id, price, product_code, quantity, order_id) VALUES (483, 10.00, 'RHNAM-233', 3, 165);
INSERT INTO public.line_item (id, price, product_code, quantity, order_id) VALUES (484, 8.95, 'RHNL-008', 1, 165);
INSERT INTO public.line_item (id, price, product_code, quantity, order_id) VALUES (485, 6.95, 'RHNL-002', 2, 165);
INSERT INTO public.line_item (id, price, product_code, quantity, order_id) VALUES (486, 13.90, '101808', 2, 165);
INSERT INTO public.line_item (id, price, product_code, quantity, order_id) VALUES (487, 5.85, 'RHNAM-023E-RED', 1, 165);
INSERT INTO public.line_item (id, price, product_code, quantity, order_id) VALUES (488, 11.00, 'RHNAM-239', 3, 166);
INSERT INTO public.line_item (id, price, product_code, quantity, order_id) VALUES (489, 0.90, 'RHNAM-245', 1, 166);
INSERT INTO public.line_item (id, price, product_code, quantity, order_id) VALUES (490, 9.00, '329199', 3, 167);
INSERT INTO public.line_item (id, price, product_code, quantity, order_id) VALUES (491, 17.25, 'RHNL-005', 2, 167);
INSERT INTO public.line_item (id, price, product_code, quantity, order_id) VALUES (492, 16.99, 'RHNAM-250', 2, 167);
INSERT INTO public.line_item (id, price, product_code, quantity, order_id) VALUES (493, 38.50, 'RHNL-011', 3, 167);
INSERT INTO public.line_item (id, price, product_code, quantity, order_id) VALUES (494, 12.00, 'RHNL-004', 2, 167);
INSERT INTO public.line_item (id, price, product_code, quantity, order_id) VALUES (495, 129.95, 'RHNAM-252-BLK', 1, 168);
INSERT INTO public.line_item (id, price, product_code, quantity, order_id) VALUES (496, 11.00, 'RHNAM-239', 1, 169);
INSERT INTO public.line_item (id, price, product_code, quantity, order_id) VALUES (497, 11.00, 'RHNAM-234', 3, 169);
INSERT INTO public.line_item (id, price, product_code, quantity, order_id) VALUES (498, 13.90, '101759', 3, 169);
INSERT INTO public.line_item (id, price, product_code, quantity, order_id) VALUES (499, 11.25, 'RHNL-006', 2, 169);
INSERT INTO public.line_item (id, price, product_code, quantity, order_id) VALUES (500, 12.00, 'RHNL-016', 1, 170);
INSERT INTO public.line_item (id, price, product_code, quantity, order_id) VALUES (501, 9.00, '329199', 1, 170);
INSERT INTO public.line_item (id, price, product_code, quantity, order_id) VALUES (502, 13.90, '101808', 1, 170);
INSERT INTO public.line_item (id, price, product_code, quantity, order_id) VALUES (503, 5.75, 'RHNAM-042E', 2, 171);
INSERT INTO public.line_item (id, price, product_code, quantity, order_id) VALUES (504, 12.80, '101793', 3, 171);
INSERT INTO public.line_item (id, price, product_code, quantity, order_id) VALUES (505, 38.50, 'RHNL-011', 1, 171);
INSERT INTO public.line_item (id, price, product_code, quantity, order_id) VALUES (506, 38.50, 'RHNL-011', 2, 172);
INSERT INTO public.line_item (id, price, product_code, quantity, order_id) VALUES (507, 11.00, 'RHNAM-231', 2, 172);
INSERT INTO public.line_item (id, price, product_code, quantity, order_id) VALUES (508, 11.00, 'RHNAM-179', 1, 172);
INSERT INTO public.line_item (id, price, product_code, quantity, order_id) VALUES (509, 26.50, 'RHNAM-095-RED', 3, 173);
INSERT INTO public.line_item (id, price, product_code, quantity, order_id) VALUES (510, 56.00, '165954', 3, 174);
INSERT INTO public.line_item (id, price, product_code, quantity, order_id) VALUES (511, 12.00, 'RHNL-016', 1, 175);
INSERT INTO public.line_item (id, price, product_code, quantity, order_id) VALUES (512, 16.99, 'RHNAM-250', 1, 175);
INSERT INTO public.line_item (id, price, product_code, quantity, order_id) VALUES (513, 11.00, 'RHNAM-231', 3, 175);
INSERT INTO public.line_item (id, price, product_code, quantity, order_id) VALUES (514, 13.00, '444435', 1, 175);
INSERT INTO public.line_item (id, price, product_code, quantity, order_id) VALUES (515, 11.25, 'RHNL-006', 1, 175);
INSERT INTO public.line_item (id, price, product_code, quantity, order_id) VALUES (516, 14.00, 'RHNAM-222', 3, 176);
INSERT INTO public.line_item (id, price, product_code, quantity, order_id) VALUES (517, 12.00, 'RHNL-016', 3, 176);
INSERT INTO public.line_item (id, price, product_code, quantity, order_id) VALUES (518, 129.95, 'RHNAM-252-BLK', 2, 176);
INSERT INTO public.line_item (id, price, product_code, quantity, order_id) VALUES (519, 17.25, 'RHNL-005', 1, 176);
INSERT INTO public.line_item (id, price, product_code, quantity, order_id) VALUES (520, 13.90, '101759', 2, 176);
INSERT INTO public.line_item (id, price, product_code, quantity, order_id) VALUES (521, 11.00, 'RHNAM-234', 3, 177);
INSERT INTO public.line_item (id, price, product_code, quantity, order_id) VALUES (522, 5.85, 'RHNAM-023E-RED', 1, 177);
INSERT INTO public.line_item (id, price, product_code, quantity, order_id) VALUES (523, 13.90, '101759', 1, 178);
INSERT INTO public.line_item (id, price, product_code, quantity, order_id) VALUES (524, 9.00, '444434', 2, 179);
INSERT INTO public.line_item (id, price, product_code, quantity, order_id) VALUES (525, 129.95, 'RHNAM-252-BLK', 1, 179);
INSERT INTO public.line_item (id, price, product_code, quantity, order_id) VALUES (526, 13.90, '101759', 1, 179);
INSERT INTO public.line_item (id, price, product_code, quantity, order_id) VALUES (527, 6.00, 'RHNAM-094-WHT', 3, 179);
INSERT INTO public.line_item (id, price, product_code, quantity, order_id) VALUES (528, 2.75, 'RHNAM-249', 2, 179);
INSERT INTO public.line_item (id, price, product_code, quantity, order_id) VALUES (529, 11.00, 'RHNAM-232', 3, 180);
INSERT INTO public.line_item (id, price, product_code, quantity, order_id) VALUES (530, 129.95, 'RHNAM-252-BLK', 3, 180);
INSERT INTO public.line_item (id, price, product_code, quantity, order_id) VALUES (531, 10.00, 'RHNAM-233', 3, 180);
INSERT INTO public.line_item (id, price, product_code, quantity, order_id) VALUES (532, 14.45, '165614', 3, 180);
INSERT INTO public.line_item (id, price, product_code, quantity, order_id) VALUES (533, 1049.00, '422807', 2, 181);
INSERT INTO public.line_item (id, price, product_code, quantity, order_id) VALUES (534, 2.75, '444437', 1, 181);
INSERT INTO public.line_item (id, price, product_code, quantity, order_id) VALUES (535, 8.95, 'RHNL-008', 2, 182);
INSERT INTO public.line_item (id, price, product_code, quantity, order_id) VALUES (536, 11.00, 'RHNAM-234', 3, 183);
INSERT INTO public.line_item (id, price, product_code, quantity, order_id) VALUES (537, 29.00, '459639', 2, 183);
INSERT INTO public.line_item (id, price, product_code, quantity, order_id) VALUES (538, 25.00, 'RHNAM-219-BLKGRY', 3, 183);
INSERT INTO public.line_item (id, price, product_code, quantity, order_id) VALUES (539, 10.00, '329299', 1, 184);
INSERT INTO public.line_item (id, price, product_code, quantity, order_id) VALUES (540, 1.35, 'RHNAM-257', 2, 184);
INSERT INTO public.line_item (id, price, product_code, quantity, order_id) VALUES (541, 8.95, 'RHNL-008', 2, 184);
INSERT INTO public.line_item (id, price, product_code, quantity, order_id) VALUES (542, 11.85, 'RHNAM-465', 2, 185);
INSERT INTO public.line_item (id, price, product_code, quantity, order_id) VALUES (543, 10.00, '329299', 2, 185);
INSERT INTO public.line_item (id, price, product_code, quantity, order_id) VALUES (544, 6.95, 'RHNL-002', 2, 185);
INSERT INTO public.line_item (id, price, product_code, quantity, order_id) VALUES (545, 2.25, '144011', 2, 186);
INSERT INTO public.line_item (id, price, product_code, quantity, order_id) VALUES (546, 9.00, '329199', 2, 187);
INSERT INTO public.line_item (id, price, product_code, quantity, order_id) VALUES (547, 12.00, 'RHNL-016', 3, 188);
INSERT INTO public.line_item (id, price, product_code, quantity, order_id) VALUES (548, 17.25, 'RHNL-005', 3, 188);
INSERT INTO public.line_item (id, price, product_code, quantity, order_id) VALUES (549, 11.00, 'RHNAM-179', 2, 188);
INSERT INTO public.line_item (id, price, product_code, quantity, order_id) VALUES (550, 27.50, 'RHNL-009', 2, 189);
INSERT INTO public.line_item (id, price, product_code, quantity, order_id) VALUES (551, 29.00, 'RHNL-007', 2, 189);
INSERT INTO public.line_item (id, price, product_code, quantity, order_id) VALUES (552, 4.15, '165613', 1, 190);
INSERT INTO public.line_item (id, price, product_code, quantity, order_id) VALUES (553, 11.00, 'RHNAM-239', 1, 190);
INSERT INTO public.line_item (id, price, product_code, quantity, order_id) VALUES (554, 1.35, 'RHNAM-257', 3, 190);
INSERT INTO public.line_item (id, price, product_code, quantity, order_id) VALUES (555, 13.90, '101808', 3, 190);
INSERT INTO public.line_item (id, price, product_code, quantity, order_id) VALUES (556, 12.80, '101793', 2, 191);
INSERT INTO public.line_item (id, price, product_code, quantity, order_id) VALUES (557, 6.00, 'RHNAM-094-WHT', 1, 191);
INSERT INTO public.line_item (id, price, product_code, quantity, order_id) VALUES (558, 38.50, 'RHNL-011', 3, 191);
INSERT INTO public.line_item (id, price, product_code, quantity, order_id) VALUES (559, 29.00, 'RHNL-007', 2, 191);
INSERT INTO public.line_item (id, price, product_code, quantity, order_id) VALUES (560, 5.75, 'RHNAM-042E', 3, 192);
INSERT INTO public.line_item (id, price, product_code, quantity, order_id) VALUES (561, 26.95, 'RHNL-017', 3, 192);
INSERT INTO public.line_item (id, price, product_code, quantity, order_id) VALUES (562, 13.90, '101759', 1, 192);
INSERT INTO public.line_item (id, price, product_code, quantity, order_id) VALUES (563, 8.95, 'RHNL-008', 3, 192);
INSERT INTO public.line_item (id, price, product_code, quantity, order_id) VALUES (564, 12.50, 'RHNAM-255', 2, 192);
INSERT INTO public.line_item (id, price, product_code, quantity, order_id) VALUES (565, 11.00, 'RHNAM-232', 2, 193);
INSERT INTO public.line_item (id, price, product_code, quantity, order_id) VALUES (566, 46.00, 'RHNAM-054E-RED', 2, 194);
INSERT INTO public.line_item (id, price, product_code, quantity, order_id) VALUES (567, 9.00, '444434', 3, 194);
INSERT INTO public.line_item (id, price, product_code, quantity, order_id) VALUES (568, 17.25, 'RHNL-005', 2, 194);
INSERT INTO public.line_item (id, price, product_code, quantity, order_id) VALUES (569, 38.50, 'RHNL-011', 1, 195);
INSERT INTO public.line_item (id, price, product_code, quantity, order_id) VALUES (570, 9.00, '329199', 2, 196);
INSERT INTO public.line_item (id, price, product_code, quantity, order_id) VALUES (571, 129.95, 'RHNAM-252-BLK', 2, 196);
INSERT INTO public.line_item (id, price, product_code, quantity, order_id) VALUES (572, 16.99, 'RHNAM-250', 2, 196);
INSERT INTO public.line_item (id, price, product_code, quantity, order_id) VALUES (573, 26.50, 'RHNAM-095-RED', 1, 196);
INSERT INTO public.line_item (id, price, product_code, quantity, order_id) VALUES (574, 17.25, 'RHNL-005', 3, 197);
INSERT INTO public.line_item (id, price, product_code, quantity, order_id) VALUES (575, 11.85, 'RHNAM-465', 1, 198);
INSERT INTO public.line_item (id, price, product_code, quantity, order_id) VALUES (576, 12.00, 'RHNL-016', 2, 198);
INSERT INTO public.line_item (id, price, product_code, quantity, order_id) VALUES (577, 13.50, 'RHNL-018', 3, 198);
INSERT INTO public.line_item (id, price, product_code, quantity, order_id) VALUES (578, 5.85, 'RHNAM-023E-RED', 3, 199);
INSERT INTO public.line_item (id, price, product_code, quantity, order_id) VALUES (579, 11.00, 'RHNAM-232', 3, 200);
INSERT INTO public.line_item (id, price, product_code, quantity, order_id) VALUES (580, 56.00, '165954', 2, 200);
INSERT INTO public.line_item (id, price, product_code, quantity, order_id) VALUES (581, 11.00, 'RHNAM-231', 3, 200);
INSERT INTO public.line_item (id, price, product_code, quantity, order_id) VALUES (582, 2.25, '144011', 2, 200);
INSERT INTO public.line_item (id, price, product_code, quantity, order_id) VALUES (583, 10.00, 'RHNAM-233', 2, 201);
INSERT INTO public.line_item (id, price, product_code, quantity, order_id) VALUES (584, 17.25, 'RHNL-005', 1, 202);
INSERT INTO public.line_item (id, price, product_code, quantity, order_id) VALUES (585, 29.00, '459639', 2, 202);
INSERT INTO public.line_item (id, price, product_code, quantity, order_id) VALUES (586, 8.95, 'RHNL-008', 3, 203);
INSERT INTO public.line_item (id, price, product_code, quantity, order_id) VALUES (587, 5.75, 'RHNAM-042E', 3, 204);
INSERT INTO public.line_item (id, price, product_code, quantity, order_id) VALUES (588, 26.50, 'RHNAM-095-RED', 2, 204);
INSERT INTO public.line_item (id, price, product_code, quantity, order_id) VALUES (589, 11.00, 'RHNAM-232', 3, 205);
INSERT INTO public.line_item (id, price, product_code, quantity, order_id) VALUES (590, 10.00, '329299', 2, 205);
INSERT INTO public.line_item (id, price, product_code, quantity, order_id) VALUES (591, 26.95, 'RHNL-017', 1, 205);
INSERT INTO public.line_item (id, price, product_code, quantity, order_id) VALUES (592, 12.00, 'RHNL-004', 3, 205);
INSERT INTO public.line_item (id, price, product_code, quantity, order_id) VALUES (593, 4.30, 'RHNL-015', 2, 205);
INSERT INTO public.line_item (id, price, product_code, quantity, order_id) VALUES (594, 11.00, 'RHNAM-234', 3, 206);
INSERT INTO public.line_item (id, price, product_code, quantity, order_id) VALUES (595, 6.00, 'RHNAM-094-WHT', 2, 206);
INSERT INTO public.line_item (id, price, product_code, quantity, order_id) VALUES (596, 20.00, 'RHNAM-240', 2, 206);
INSERT INTO public.line_item (id, price, product_code, quantity, order_id) VALUES (597, 12.50, 'RHNAM-255', 1, 206);
INSERT INTO public.line_item (id, price, product_code, quantity, order_id) VALUES (598, 14.00, 'RHNAM-222', 3, 207);
INSERT INTO public.line_item (id, price, product_code, quantity, order_id) VALUES (599, 11.00, 'RHNAM-234', 2, 207);
INSERT INTO public.line_item (id, price, product_code, quantity, order_id) VALUES (600, 17.25, 'RHNL-005', 1, 207);
INSERT INTO public.line_item (id, price, product_code, quantity, order_id) VALUES (601, 11.00, 'RHNAM-179', 1, 207);
INSERT INTO public.line_item (id, price, product_code, quantity, order_id) VALUES (602, 12.80, '101793', 3, 208);
INSERT INTO public.line_item (id, price, product_code, quantity, order_id) VALUES (603, 20.00, 'RHNAM-240', 3, 208);
INSERT INTO public.line_item (id, price, product_code, quantity, order_id) VALUES (604, 10.00, '329299', 1, 209);
INSERT INTO public.line_item (id, price, product_code, quantity, order_id) VALUES (605, 17.25, 'RHNL-005', 3, 209);
INSERT INTO public.line_item (id, price, product_code, quantity, order_id) VALUES (606, 4.30, 'RHNL-015', 3, 209);
INSERT INTO public.line_item (id, price, product_code, quantity, order_id) VALUES (607, 14.00, 'RHNAM-222', 3, 210);
INSERT INTO public.line_item (id, price, product_code, quantity, order_id) VALUES (608, 9.00, '329199', 1, 210);
INSERT INTO public.line_item (id, price, product_code, quantity, order_id) VALUES (609, 6.95, 'RHNL-002', 2, 210);
INSERT INTO public.line_item (id, price, product_code, quantity, order_id) VALUES (610, 46.00, 'RHNAM-054E-RED', 1, 211);
INSERT INTO public.line_item (id, price, product_code, quantity, order_id) VALUES (611, 129.95, 'RHNAM-252-BLK', 3, 211);
INSERT INTO public.line_item (id, price, product_code, quantity, order_id) VALUES (612, 2.75, '444437', 2, 211);
INSERT INTO public.line_item (id, price, product_code, quantity, order_id) VALUES (613, 10.00, '329299', 2, 212);
INSERT INTO public.line_item (id, price, product_code, quantity, order_id) VALUES (614, 17.25, 'RHNL-005', 2, 212);
INSERT INTO public.line_item (id, price, product_code, quantity, order_id) VALUES (615, 13.50, 'RHNL-018', 2, 212);
INSERT INTO public.line_item (id, price, product_code, quantity, order_id) VALUES (616, 20.00, 'RHNAM-240', 2, 212);
INSERT INTO public.line_item (id, price, product_code, quantity, order_id) VALUES (617, 0.90, 'RHNAM-245', 2, 212);
INSERT INTO public.line_item (id, price, product_code, quantity, order_id) VALUES (618, 1.35, 'RHNAM-257', 2, 213);
INSERT INTO public.line_item (id, price, product_code, quantity, order_id) VALUES (619, 8.95, 'RHNL-008', 3, 213);
INSERT INTO public.line_item (id, price, product_code, quantity, order_id) VALUES (620, 8.95, 'RHNL-008', 1, 214);
INSERT INTO public.line_item (id, price, product_code, quantity, order_id) VALUES (621, 2.75, '444437', 2, 214);
INSERT INTO public.line_item (id, price, product_code, quantity, order_id) VALUES (622, 29.00, 'RHNL-007', 2, 215);
INSERT INTO public.line_item (id, price, product_code, quantity, order_id) VALUES (623, 0.90, 'RHNAM-245', 2, 215);
INSERT INTO public.line_item (id, price, product_code, quantity, order_id) VALUES (624, 26.50, 'RHNAM-095-RED', 2, 215);
INSERT INTO public.line_item (id, price, product_code, quantity, order_id) VALUES (625, 4.15, '165613', 1, 216);
INSERT INTO public.line_item (id, price, product_code, quantity, order_id) VALUES (626, 9.00, '329199', 3, 216);
INSERT INTO public.line_item (id, price, product_code, quantity, order_id) VALUES (627, 12.50, 'RHNAM-255', 1, 216);
INSERT INTO public.line_item (id, price, product_code, quantity, order_id) VALUES (628, 13.00, '444435', 3, 216);
INSERT INTO public.line_item (id, price, product_code, quantity, order_id) VALUES (629, 14.45, '165614', 3, 216);
INSERT INTO public.line_item (id, price, product_code, quantity, order_id) VALUES (630, 4.15, '165613', 1, 217);
INSERT INTO public.line_item (id, price, product_code, quantity, order_id) VALUES (631, 11.00, 'RHNAM-239', 3, 217);
INSERT INTO public.line_item (id, price, product_code, quantity, order_id) VALUES (632, 12.80, '101793', 3, 217);
INSERT INTO public.line_item (id, price, product_code, quantity, order_id) VALUES (633, 26.50, 'RHNAM-095-RED', 2, 217);
INSERT INTO public.line_item (id, price, product_code, quantity, order_id) VALUES (634, 10.00, '329299', 3, 218);
INSERT INTO public.line_item (id, price, product_code, quantity, order_id) VALUES (635, 11.25, 'RHNL-006', 3, 218);
INSERT INTO public.line_item (id, price, product_code, quantity, order_id) VALUES (636, 0.90, 'RHNAM-245', 2, 218);
INSERT INTO public.line_item (id, price, product_code, quantity, order_id) VALUES (637, 26.50, 'RHNAM-095-RED', 1, 218);
INSERT INTO public.line_item (id, price, product_code, quantity, order_id) VALUES (638, 13.00, '444435', 2, 219);
INSERT INTO public.line_item (id, price, product_code, quantity, order_id) VALUES (639, 13.90, '101808', 3, 219);
INSERT INTO public.line_item (id, price, product_code, quantity, order_id) VALUES (640, 0.90, 'RHNAM-245', 1, 219);
INSERT INTO public.line_item (id, price, product_code, quantity, order_id) VALUES (641, 9.00, '444434', 3, 220);
INSERT INTO public.line_item (id, price, product_code, quantity, order_id) VALUES (642, 26.95, 'RHNL-017', 2, 220);
INSERT INTO public.line_item (id, price, product_code, quantity, order_id) VALUES (643, 11.00, 'RHNAM-231', 3, 220);
INSERT INTO public.line_item (id, price, product_code, quantity, order_id) VALUES (644, 14.00, 'RHNAM-222', 1, 221);
INSERT INTO public.line_item (id, price, product_code, quantity, order_id) VALUES (645, 27.50, 'RHNL-009', 2, 222);
INSERT INTO public.line_item (id, price, product_code, quantity, order_id) VALUES (646, 12.00, 'RHNL-004', 2, 222);
INSERT INTO public.line_item (id, price, product_code, quantity, order_id) VALUES (647, 38.50, 'RHNL-011', 2, 222);
INSERT INTO public.line_item (id, price, product_code, quantity, order_id) VALUES (648, 11.25, 'RHNL-006', 2, 222);
INSERT INTO public.line_item (id, price, product_code, quantity, order_id) VALUES (649, 46.00, 'RHNAM-054E-RED', 1, 223);
INSERT INTO public.line_item (id, price, product_code, quantity, order_id) VALUES (650, 27.50, 'RHNL-009', 2, 223);
INSERT INTO public.line_item (id, price, product_code, quantity, order_id) VALUES (651, 13.00, '444435', 3, 224);
INSERT INTO public.line_item (id, price, product_code, quantity, order_id) VALUES (652, 5.75, 'RHNAM-042E', 2, 225);
INSERT INTO public.line_item (id, price, product_code, quantity, order_id) VALUES (653, 1.35, 'RHNAM-257', 3, 225);
INSERT INTO public.line_item (id, price, product_code, quantity, order_id) VALUES (654, 739.00, '328580', 2, 225);
INSERT INTO public.line_item (id, price, product_code, quantity, order_id) VALUES (655, 11.25, 'RHNL-006', 2, 225);
INSERT INTO public.line_item (id, price, product_code, quantity, order_id) VALUES (656, 9.00, '329199', 1, 226);
INSERT INTO public.line_item (id, price, product_code, quantity, order_id) VALUES (657, 38.50, 'RHNL-011', 3, 226);
INSERT INTO public.line_item (id, price, product_code, quantity, order_id) VALUES (658, 4.15, '165613', 3, 227);
INSERT INTO public.line_item (id, price, product_code, quantity, order_id) VALUES (659, 56.00, '165954', 3, 227);
INSERT INTO public.line_item (id, price, product_code, quantity, order_id) VALUES (660, 11.00, 'RHNAM-179', 2, 228);
INSERT INTO public.line_item (id, price, product_code, quantity, order_id) VALUES (661, 1.35, 'RHNAM-257', 3, 229);
INSERT INTO public.line_item (id, price, product_code, quantity, order_id) VALUES (662, 129.95, 'RHNAM-252-BLK', 2, 229);
INSERT INTO public.line_item (id, price, product_code, quantity, order_id) VALUES (663, 16.99, 'RHNAM-250', 2, 229);
INSERT INTO public.line_item (id, price, product_code, quantity, order_id) VALUES (664, 12.50, 'RHNAM-255', 3, 229);
INSERT INTO public.line_item (id, price, product_code, quantity, order_id) VALUES (665, 29.00, 'RHNL-007', 1, 229);
INSERT INTO public.line_item (id, price, product_code, quantity, order_id) VALUES (666, 11.00, 'RHNAM-232', 2, 230);
INSERT INTO public.line_item (id, price, product_code, quantity, order_id) VALUES (667, 10.00, '329299', 2, 230);
INSERT INTO public.line_item (id, price, product_code, quantity, order_id) VALUES (668, 5.85, 'RHNAM-023E-RED', 3, 230);
INSERT INTO public.line_item (id, price, product_code, quantity, order_id) VALUES (669, 17.25, 'RHNL-005', 2, 231);
INSERT INTO public.line_item (id, price, product_code, quantity, order_id) VALUES (670, 20.00, 'RHNAM-240', 3, 231);
INSERT INTO public.line_item (id, price, product_code, quantity, order_id) VALUES (671, 11.25, 'RHNL-006', 1, 231);
INSERT INTO public.line_item (id, price, product_code, quantity, order_id) VALUES (672, 5.85, 'RHNAM-023E-RED', 1, 231);
INSERT INTO public.line_item (id, price, product_code, quantity, order_id) VALUES (673, 14.45, '165614', 2, 231);
INSERT INTO public.line_item (id, price, product_code, quantity, order_id) VALUES (674, 4.15, '165613', 2, 232);
INSERT INTO public.line_item (id, price, product_code, quantity, order_id) VALUES (675, 11.00, 'RHNAM-234', 3, 232);
INSERT INTO public.line_item (id, price, product_code, quantity, order_id) VALUES (676, 11.00, 'RHNAM-231', 2, 232);
INSERT INTO public.line_item (id, price, product_code, quantity, order_id) VALUES (677, 26.50, 'RHNAM-095-RED', 1, 232);
INSERT INTO public.line_item (id, price, product_code, quantity, order_id) VALUES (678, 11.00, 'RHNAM-234', 2, 233);
INSERT INTO public.line_item (id, price, product_code, quantity, order_id) VALUES (679, 12.50, 'RHNAM-255', 3, 233);
INSERT INTO public.line_item (id, price, product_code, quantity, order_id) VALUES (680, 10.00, '329299', 3, 234);
INSERT INTO public.line_item (id, price, product_code, quantity, order_id) VALUES (681, 5.85, 'RHNAM-023E-RED', 1, 234);
INSERT INTO public.line_item (id, price, product_code, quantity, order_id) VALUES (682, 26.50, 'RHNAM-095-RED', 3, 234);
INSERT INTO public.line_item (id, price, product_code, quantity, order_id) VALUES (683, 10.00, 'RHNAM-233', 1, 235);
INSERT INTO public.line_item (id, price, product_code, quantity, order_id) VALUES (684, 16.99, 'RHNAM-250', 2, 235);
INSERT INTO public.line_item (id, price, product_code, quantity, order_id) VALUES (685, 20.00, 'RHNAM-240', 3, 235);
INSERT INTO public.line_item (id, price, product_code, quantity, order_id) VALUES (686, 26.50, 'RHNAM-095-RED', 1, 235);
INSERT INTO public.line_item (id, price, product_code, quantity, order_id) VALUES (687, 14.00, 'RHNAM-222', 3, 236);
INSERT INTO public.line_item (id, price, product_code, quantity, order_id) VALUES (688, 10.00, 'RHNAM-233', 3, 236);
INSERT INTO public.line_item (id, price, product_code, quantity, order_id) VALUES (689, 14.45, '165614', 2, 236);
INSERT INTO public.line_item (id, price, product_code, quantity, order_id) VALUES (690, 11.85, 'RHNAM-465', 1, 237);
INSERT INTO public.line_item (id, price, product_code, quantity, order_id) VALUES (691, 12.80, '101793', 2, 237);
INSERT INTO public.line_item (id, price, product_code, quantity, order_id) VALUES (692, 27.50, 'RHNL-009', 2, 237);
INSERT INTO public.line_item (id, price, product_code, quantity, order_id) VALUES (693, 4.30, 'RHNL-015', 1, 238);
INSERT INTO public.line_item (id, price, product_code, quantity, order_id) VALUES (694, 739.00, '328580', 2, 239);
INSERT INTO public.line_item (id, price, product_code, quantity, order_id) VALUES (695, 38.50, 'RHNL-011', 1, 239);
INSERT INTO public.line_item (id, price, product_code, quantity, order_id) VALUES (696, 12.80, '101793', 2, 240);
INSERT INTO public.line_item (id, price, product_code, quantity, order_id) VALUES (697, 1.35, 'RHNAM-257', 1, 240);
INSERT INTO public.line_item (id, price, product_code, quantity, order_id) VALUES (698, 11.85, 'RHNAM-465', 3, 241);
INSERT INTO public.line_item (id, price, product_code, quantity, order_id) VALUES (699, 10.00, '329299', 3, 241);
INSERT INTO public.line_item (id, price, product_code, quantity, order_id) VALUES (700, 739.00, '328580', 3, 241);
INSERT INTO public.line_item (id, price, product_code, quantity, order_id) VALUES (701, 6.95, 'RHNL-002', 2, 241);
INSERT INTO public.line_item (id, price, product_code, quantity, order_id) VALUES (702, 11.85, 'RHNAM-465', 3, 242);
INSERT INTO public.line_item (id, price, product_code, quantity, order_id) VALUES (703, 56.00, '165954', 2, 242);
INSERT INTO public.line_item (id, price, product_code, quantity, order_id) VALUES (704, 6.95, 'RHNL-002', 1, 242);
INSERT INTO public.line_item (id, price, product_code, quantity, order_id) VALUES (705, 12.00, 'RHNL-004', 2, 242);
INSERT INTO public.line_item (id, price, product_code, quantity, order_id) VALUES (706, 11.00, 'RHNAM-179', 1, 242);
INSERT INTO public.line_item (id, price, product_code, quantity, order_id) VALUES (707, 46.00, 'RHNAM-054E-RED', 1, 243);
INSERT INTO public.line_item (id, price, product_code, quantity, order_id) VALUES (708, 27.50, 'RHNL-009', 2, 243);
INSERT INTO public.line_item (id, price, product_code, quantity, order_id) VALUES (709, 9.00, '444434', 2, 244);
INSERT INTO public.line_item (id, price, product_code, quantity, order_id) VALUES (710, 16.99, 'RHNAM-250', 2, 244);
INSERT INTO public.line_item (id, price, product_code, quantity, order_id) VALUES (711, 6.00, 'RHNAM-094-WHT', 2, 244);
INSERT INTO public.line_item (id, price, product_code, quantity, order_id) VALUES (712, 1049.00, '422807', 1, 244);
INSERT INTO public.line_item (id, price, product_code, quantity, order_id) VALUES (713, 5.85, 'RHNAM-023E-RED', 2, 244);
INSERT INTO public.line_item (id, price, product_code, quantity, order_id) VALUES (714, 5.75, 'RHNAM-042E', 1, 245);
INSERT INTO public.line_item (id, price, product_code, quantity, order_id) VALUES (715, 1049.00, '422807', 3, 245);
INSERT INTO public.line_item (id, price, product_code, quantity, order_id) VALUES (716, 11.00, 'RHNAM-231', 3, 245);
INSERT INTO public.line_item (id, price, product_code, quantity, order_id) VALUES (717, 5.85, 'RHNAM-023E-RED', 1, 245);
INSERT INTO public.line_item (id, price, product_code, quantity, order_id) VALUES (718, 4.15, '165613', 2, 246);
INSERT INTO public.line_item (id, price, product_code, quantity, order_id) VALUES (719, 13.50, 'RHNL-018', 2, 246);
INSERT INTO public.line_item (id, price, product_code, quantity, order_id) VALUES (720, 1049.00, '422807', 3, 246);
INSERT INTO public.line_item (id, price, product_code, quantity, order_id) VALUES (721, 12.00, 'RHNL-004', 2, 246);
INSERT INTO public.line_item (id, price, product_code, quantity, order_id) VALUES (722, 11.25, 'RHNL-006', 2, 246);
INSERT INTO public.line_item (id, price, product_code, quantity, order_id) VALUES (723, 12.00, 'RHNL-004', 3, 247);
INSERT INTO public.line_item (id, price, product_code, quantity, order_id) VALUES (724, 9.00, '329199', 2, 248);
INSERT INTO public.line_item (id, price, product_code, quantity, order_id) VALUES (725, 129.95, 'RHNAM-252-BLK', 1, 248);
INSERT INTO public.line_item (id, price, product_code, quantity, order_id) VALUES (726, 1049.00, '422807', 1, 248);
INSERT INTO public.line_item (id, price, product_code, quantity, order_id) VALUES (727, 12.00, 'RHNL-004', 3, 248);
INSERT INTO public.line_item (id, price, product_code, quantity, order_id) VALUES (728, 129.95, 'RHNAM-252-BLK', 2, 249);
INSERT INTO public.line_item (id, price, product_code, quantity, order_id) VALUES (729, 17.25, 'RHNL-005', 1, 249);
INSERT INTO public.line_item (id, price, product_code, quantity, order_id) VALUES (730, 13.00, '444435', 2, 249);
INSERT INTO public.line_item (id, price, product_code, quantity, order_id) VALUES (731, 5.85, 'RHNAM-023E-RED', 3, 249);
INSERT INTO public.line_item (id, price, product_code, quantity, order_id) VALUES (732, 14.45, '165614', 2, 250);
INSERT INTO public.line_item (id, price, product_code, quantity, order_id) VALUES (733, 6.95, 'RHNL-002', 1, 251);
INSERT INTO public.line_item (id, price, product_code, quantity, order_id) VALUES (734, 11.00, 'RHNAM-231', 1, 251);
INSERT INTO public.line_item (id, price, product_code, quantity, order_id) VALUES (735, 29.00, 'RHNL-007', 2, 251);
INSERT INTO public.line_item (id, price, product_code, quantity, order_id) VALUES (736, 5.85, 'RHNAM-023E-RED', 3, 251);
INSERT INTO public.line_item (id, price, product_code, quantity, order_id) VALUES (737, 1.35, 'RHNAM-257', 2, 252);
INSERT INTO public.line_item (id, price, product_code, quantity, order_id) VALUES (738, 13.90, '101808', 2, 252);
INSERT INTO public.line_item (id, price, product_code, quantity, order_id) VALUES (739, 14.45, '165614', 2, 253);
INSERT INTO public.line_item (id, price, product_code, quantity, order_id) VALUES (740, 10.00, 'RHNAM-233', 1, 254);
INSERT INTO public.line_item (id, price, product_code, quantity, order_id) VALUES (741, 2.75, '444437', 1, 254);
INSERT INTO public.line_item (id, price, product_code, quantity, order_id) VALUES (742, 12.00, 'RHNL-004', 2, 255);

-- Orders containing RHNL-017 product
INSERT INTO public.orders (id, customer_id, order_ts) VALUES (256, 'estout', '2026-03-12 03:34:19.915');
INSERT INTO public.orders (id, customer_id, order_ts) VALUES (257, 'jcarroll', '2026-01-14 12:45:38.233');
INSERT INTO public.orders (id, customer_id, order_ts) VALUES (258, 'rwest', '2026-02-02 12:07:14.612');
INSERT INTO public.orders (id, customer_id, order_ts) VALUES (259, 'cprice', '2026-03-14 19:30:14.190');
INSERT INTO public.orders (id, customer_id, order_ts) VALUES (260, 'slopez', '2026-01-02 05:41:38.256');
INSERT INTO public.orders (id, customer_id, order_ts) VALUES (261, 'cmanning', '2026-03-16 02:52:51.275');
INSERT INTO public.orders (id, customer_id, order_ts) VALUES (262, 'jcarroll', '2026-03-03 15:39:29.186');
INSERT INTO public.orders (id, customer_id, order_ts) VALUES (263, 'ihughes', '2026-02-07 12:55:43.229');
INSERT INTO public.orders (id, customer_id, order_ts) VALUES (264, 'aedwards', '2026-02-09 14:34:40.742');
INSERT INTO public.orders (id, customer_id, order_ts) VALUES (265, 'jstewart', '2026-01-03 09:26:30.167');
INSERT INTO public.orders (id, customer_id, order_ts) VALUES (266, 'estout', '2026-01-21 14:55:52.970');
INSERT INTO public.orders (id, customer_id, order_ts) VALUES (267, 'estout', '2026-02-27 22:16:55.160');
INSERT INTO public.orders (id, customer_id, order_ts) VALUES (268, 'scrane', '2026-02-10 09:54:32.540');
INSERT INTO public.orders (id, customer_id, order_ts) VALUES (269, 'lrodriguez', '2026-02-23 04:20:37.207');
INSERT INTO public.orders (id, customer_id, order_ts) VALUES (270, 'efisher', '2026-02-25 00:58:45.912');
INSERT INTO public.orders (id, customer_id, order_ts) VALUES (271, 'ohunter', '2026-03-01 02:18:10.387');
INSERT INTO public.orders (id, customer_id, order_ts) VALUES (272, 'zcole', '2026-01-31 16:27:44.983');
INSERT INTO public.orders (id, customer_id, order_ts) VALUES (273, 'ascott', '2026-02-28 12:32:48.857');
INSERT INTO public.orders (id, customer_id, order_ts) VALUES (274, 'rhoffman', '2026-01-11 08:25:45.275');
INSERT INTO public.orders (id, customer_id, order_ts) VALUES (275, 'lrodriguez', '2026-01-19 10:42:24.963');
INSERT INTO public.orders (id, customer_id, order_ts) VALUES (276, 'lrodriguez', '2026-01-13 01:14:30.325');
INSERT INTO public.orders (id, customer_id, order_ts) VALUES (277, 'lrodriguez', '2026-03-24 14:16:17.291');
INSERT INTO public.orders (id, customer_id, order_ts) VALUES (278, 'jparker', '2026-03-27 21:18:00.053');
INSERT INTO public.orders (id, customer_id, order_ts) VALUES (279, 'soliver', '2026-01-16 02:58:35.026');
INSERT INTO public.orders (id, customer_id, order_ts) VALUES (280, 'efisher', '2026-03-19 20:18:47.749');
INSERT INTO public.orders (id, customer_id, order_ts) VALUES (281, 'vdaugherty', '2026-03-14 18:37:13.413');
INSERT INTO public.orders (id, customer_id, order_ts) VALUES (282, 'nfreeman', '2026-02-04 11:48:46.471');
INSERT INTO public.orders (id, customer_id, order_ts) VALUES (283, 'cmanning', '2026-02-20 22:34:25.195');
INSERT INTO public.orders (id, customer_id, order_ts) VALUES (284, 'ecruz', '2026-02-19 06:10:19.311');
INSERT INTO public.orders (id, customer_id, order_ts) VALUES (285, 'vlevy', '2026-02-01 23:00:22.185');
INSERT INTO public.orders (id, customer_id, order_ts) VALUES (286, 'athompson', '2026-03-17 23:25:21.241');
INSERT INTO public.orders (id, customer_id, order_ts) VALUES (287, 'amurphy', '2026-02-06 09:48:02.702');
INSERT INTO public.orders (id, customer_id, order_ts) VALUES (288, 'kkim', '2026-03-16 15:08:28.670');
INSERT INTO public.orders (id, customer_id, order_ts) VALUES (289, 'rpeterson', '2026-01-16 13:06:52.970');
INSERT INTO public.orders (id, customer_id, order_ts) VALUES (290, 'estout', '2026-03-10 04:37:22.685');
INSERT INTO public.orders (id, customer_id, order_ts) VALUES (291, 'rmccormick', '2026-02-28 21:03:34.751');
INSERT INTO public.orders (id, customer_id, order_ts) VALUES (292, 'jcarroll', '2026-03-16 18:17:42.654');
INSERT INTO public.orders (id, customer_id, order_ts) VALUES (293, 'ssalazar', '2026-02-18 15:05:52.314');
INSERT INTO public.orders (id, customer_id, order_ts) VALUES (294, 'phernandez', '2026-03-10 11:43:10.165');
INSERT INTO public.orders (id, customer_id, order_ts) VALUES (295, 'nfreeman', '2026-02-15 10:01:07.766');
INSERT INTO public.orders (id, customer_id, order_ts) VALUES (296, 'bjensen', '2026-03-29 12:34:52.197');
INSERT INTO public.orders (id, customer_id, order_ts) VALUES (297, 'ssalazar', '2026-02-04 03:29:48.081');
INSERT INTO public.orders (id, customer_id, order_ts) VALUES (298, 'gjohnson', '2026-01-11 00:37:01.244');
INSERT INTO public.orders (id, customer_id, order_ts) VALUES (299, 'sfuller', '2026-02-11 03:49:24.273');
INSERT INTO public.orders (id, customer_id, order_ts) VALUES (300, 'mmorris', '2026-03-04 12:30:32.873');
INSERT INTO public.orders (id, customer_id, order_ts) VALUES (301, 'slopez', '2026-02-25 16:36:36.996');
INSERT INTO public.orders (id, customer_id, order_ts) VALUES (302, 'kkim', '2026-02-08 02:31:35.464');
INSERT INTO public.orders (id, customer_id, order_ts) VALUES (303, 'aandrews', '2026-01-29 09:47:55.672');
INSERT INTO public.orders (id, customer_id, order_ts) VALUES (304, 'vflores', '2026-03-25 12:41:26.241');
INSERT INTO public.orders (id, customer_id, order_ts) VALUES (305, 'hmcdonald', '2026-01-24 23:48:19.929');
INSERT INTO public.orders (id, customer_id, order_ts) VALUES (306, 'rwest', '2026-01-23 22:36:10.696');
INSERT INTO public.orders (id, customer_id, order_ts) VALUES (307, 'vlevy', '2026-03-03 23:30:37.442');
INSERT INTO public.orders (id, customer_id, order_ts) VALUES (308, 'hmcdonald', '2026-03-10 17:45:47.043');
INSERT INTO public.orders (id, customer_id, order_ts) VALUES (309, 'afreeman', '2026-01-28 03:24:26.671');
INSERT INTO public.orders (id, customer_id, order_ts) VALUES (310, 'vdaugherty', '2026-03-17 03:37:06.067');
INSERT INTO public.orders (id, customer_id, order_ts) VALUES (311, 'kkim', '2026-03-22 11:29:38.129');
INSERT INTO public.orders (id, customer_id, order_ts) VALUES (312, 'vflores', '2026-02-18 04:45:19.180');
INSERT INTO public.orders (id, customer_id, order_ts) VALUES (313, 'zcole', '2026-03-10 16:09:49.261');
INSERT INTO public.orders (id, customer_id, order_ts) VALUES (314, 'afreeman', '2026-03-23 23:26:29.541');
INSERT INTO public.orders (id, customer_id, order_ts) VALUES (315, 'amurphy', '2026-02-12 02:52:35.072');
INSERT INTO public.orders (id, customer_id, order_ts) VALUES (316, 'jparker', '2026-03-29 07:48:14.604');
INSERT INTO public.orders (id, customer_id, order_ts) VALUES (317, 'scrane', '2026-03-29 16:26:42.220');
INSERT INTO public.orders (id, customer_id, order_ts) VALUES (318, 'vlevy', '2026-03-21 10:24:42.218');
INSERT INTO public.orders (id, customer_id, order_ts) VALUES (319, 'jparker', '2026-01-07 21:05:16.929');
INSERT INTO public.orders (id, customer_id, order_ts) VALUES (320, 'ecruz', '2026-02-08 19:08:30.864');
INSERT INTO public.orders (id, customer_id, order_ts) VALUES (321, 'rwest', '2026-02-15 06:32:31.504');
INSERT INTO public.orders (id, customer_id, order_ts) VALUES (322, 'ohunter', '2026-02-23 02:13:44.611');
INSERT INTO public.orders (id, customer_id, order_ts) VALUES (323, 'ssalazar', '2026-01-01 00:18:32.827');
INSERT INTO public.orders (id, customer_id, order_ts) VALUES (324, 'eavila', '2026-02-15 16:37:21.311');
INSERT INTO public.orders (id, customer_id, order_ts) VALUES (325, 'afreeman', '2026-01-16 11:06:00.499');
INSERT INTO public.orders (id, customer_id, order_ts) VALUES (326, 'cwatson', '2026-03-22 08:44:43.872');
INSERT INTO public.orders (id, customer_id, order_ts) VALUES (327, 'rhoffman', '2026-01-19 06:03:02.292');
INSERT INTO public.orders (id, customer_id, order_ts) VALUES (328, 'rwest', '2026-01-03 20:21:54.541');
INSERT INTO public.orders (id, customer_id, order_ts) VALUES (329, 'ohunter', '2026-01-16 18:30:25.278');
INSERT INTO public.orders (id, customer_id, order_ts) VALUES (330, 'aedwards', '2026-02-20 04:38:50.220');
INSERT INTO public.orders (id, customer_id, order_ts) VALUES (331, 'estout', '2026-01-26 14:28:32.083');
INSERT INTO public.orders (id, customer_id, order_ts) VALUES (332, 'lrodriguez', '2026-01-26 18:39:45.924');
INSERT INTO public.orders (id, customer_id, order_ts) VALUES (333, 'zcole', '2026-03-13 12:29:32.891');
INSERT INTO public.orders (id, customer_id, order_ts) VALUES (334, 'amccarthy', '2026-03-27 11:25:30.411');
INSERT INTO public.orders (id, customer_id, order_ts) VALUES (335, 'vflores', '2026-03-05 07:57:46.786');
INSERT INTO public.orders (id, customer_id, order_ts) VALUES (336, 'vlevy', '2026-03-07 21:23:56.160');
INSERT INTO public.orders (id, customer_id, order_ts) VALUES (337, 'ascott', '2026-02-22 21:00:58.873');
INSERT INTO public.orders (id, customer_id, order_ts) VALUES (338, 'athompson', '2026-01-09 01:43:19.514');
INSERT INTO public.orders (id, customer_id, order_ts) VALUES (339, 'ecruz', '2026-03-02 08:33:32.598');
INSERT INTO public.orders (id, customer_id, order_ts) VALUES (340, 'sfuller', '2026-03-10 14:56:42.563');
INSERT INTO public.orders (id, customer_id, order_ts) VALUES (341, 'ascott', '2026-01-05 10:47:04.879');
INSERT INTO public.orders (id, customer_id, order_ts) VALUES (342, 'gjohnson', '2026-03-15 03:47:28.743');
INSERT INTO public.orders (id, customer_id, order_ts) VALUES (343, 'scrane', '2026-01-31 09:48:36.697');
INSERT INTO public.orders (id, customer_id, order_ts) VALUES (344, 'kkim', '2026-03-26 02:31:44.003');
INSERT INTO public.orders (id, customer_id, order_ts) VALUES (345, 'slopez', '2026-01-29 04:49:55.824');
INSERT INTO public.orders (id, customer_id, order_ts) VALUES (346, 'ohunter', '2026-03-08 09:20:16.060');
INSERT INTO public.orders (id, customer_id, order_ts) VALUES (347, 'mhansen', '2026-02-06 11:14:57.534');
INSERT INTO public.orders (id, customer_id, order_ts) VALUES (348, 'estout', '2026-03-17 05:13:56.383');
INSERT INTO public.orders (id, customer_id, order_ts) VALUES (349, 'estout', '2026-02-27 22:05:24.248');
INSERT INTO public.orders (id, customer_id, order_ts) VALUES (350, 'afreeman', '2026-03-02 07:49:59.936');
INSERT INTO public.orders (id, customer_id, order_ts) VALUES (351, 'cprice', '2026-01-31 07:52:37.016');
INSERT INTO public.orders (id, customer_id, order_ts) VALUES (352, 'ecruz', '2026-01-19 05:09:40.133');
INSERT INTO public.orders (id, customer_id, order_ts) VALUES (353, 'nfreeman', '2026-02-21 07:51:30.283');
INSERT INTO public.orders (id, customer_id, order_ts) VALUES (354, 'ihughes', '2026-01-04 12:25:10.222');
INSERT INTO public.orders (id, customer_id, order_ts) VALUES (355, 'ahunter', '2026-03-25 11:10:58.411');

-- Line items for the orders
INSERT INTO public.line_item (id, price, product_code, quantity, order_id) VALUES (743, 26.95, 'RHNL-017', 1, 256);
INSERT INTO public.line_item (id, price, product_code, quantity, order_id) VALUES (744, 26.95, 'RHNL-017', 2, 257);
INSERT INTO public.line_item (id, price, product_code, quantity, order_id) VALUES (745, 13.5, 'RHNL-018', 2, 257);
INSERT INTO public.line_item (id, price, product_code, quantity, order_id) VALUES (746, 9.0, '329199', 3, 257);
INSERT INTO public.line_item (id, price, product_code, quantity, order_id) VALUES (747, 26.95, 'RHNL-017', 3, 258);
INSERT INTO public.line_item (id, price, product_code, quantity, order_id) VALUES (748, 38.5, 'RHNL-011', 1, 258);
INSERT INTO public.line_item (id, price, product_code, quantity, order_id) VALUES (749, 27.5, 'RHNL-009', 3, 258);
INSERT INTO public.line_item (id, price, product_code, quantity, order_id) VALUES (750, 26.95, 'RHNL-017', 2, 259);
INSERT INTO public.line_item (id, price, product_code, quantity, order_id) VALUES (751, 26.95, 'RHNL-017', 2, 260);
INSERT INTO public.line_item (id, price, product_code, quantity, order_id) VALUES (752, 9.0, '329199', 1, 260);
INSERT INTO public.line_item (id, price, product_code, quantity, order_id) VALUES (753, 5.85, 'RHNAM-023E-RED', 3, 260);
INSERT INTO public.line_item (id, price, product_code, quantity, order_id) VALUES (754, 5.75, 'RHNAM-042E', 1, 260);
INSERT INTO public.line_item (id, price, product_code, quantity, order_id) VALUES (755, 26.95, 'RHNL-017', 2, 261);
INSERT INTO public.line_item (id, price, product_code, quantity, order_id) VALUES (756, 4.15, '165613', 3, 261);
INSERT INTO public.line_item (id, price, product_code, quantity, order_id) VALUES (757, 26.95, 'RHNL-017', 1, 262);
INSERT INTO public.line_item (id, price, product_code, quantity, order_id) VALUES (758, 17.25, 'RHNL-005', 2, 262);
INSERT INTO public.line_item (id, price, product_code, quantity, order_id) VALUES (759, 26.95, 'RHNL-017', 3, 263);
INSERT INTO public.line_item (id, price, product_code, quantity, order_id) VALUES (760, 14.0, 'RHNAM-222', 2, 263);
INSERT INTO public.line_item (id, price, product_code, quantity, order_id) VALUES (761, 11.0, 'RHNAM-239', 3, 263);
INSERT INTO public.line_item (id, price, product_code, quantity, order_id) VALUES (762, 26.95, 'RHNL-017', 2, 264);
INSERT INTO public.line_item (id, price, product_code, quantity, order_id) VALUES (763, 8.95, 'RHNL-008', 3, 264);
INSERT INTO public.line_item (id, price, product_code, quantity, order_id) VALUES (764, 12.0, 'RHNL-004', 2, 264);
INSERT INTO public.line_item (id, price, product_code, quantity, order_id) VALUES (765, 26.95, 'RHNL-017', 1, 265);
INSERT INTO public.line_item (id, price, product_code, quantity, order_id) VALUES (766, 5.85, 'RHNAM-023E-RED', 1, 265);
INSERT INTO public.line_item (id, price, product_code, quantity, order_id) VALUES (767, 2.75, 'RHNAM-249', 2, 265);
INSERT INTO public.line_item (id, price, product_code, quantity, order_id) VALUES (768, 14.0, 'RHNAM-222', 3, 265);
INSERT INTO public.line_item (id, price, product_code, quantity, order_id) VALUES (769, 26.95, 'RHNL-017', 3, 266);
INSERT INTO public.line_item (id, price, product_code, quantity, order_id) VALUES (770, 5.85, 'RHNAM-023E-RED', 3, 266);
INSERT INTO public.line_item (id, price, product_code, quantity, order_id) VALUES (771, 6.95, 'RHNL-002', 3, 266);
INSERT INTO public.line_item (id, price, product_code, quantity, order_id) VALUES (772, 4.3, 'RHNL-015', 3, 266);
INSERT INTO public.line_item (id, price, product_code, quantity, order_id) VALUES (773, 26.95, 'RHNL-017', 2, 267);
INSERT INTO public.line_item (id, price, product_code, quantity, order_id) VALUES (774, 9.0, '329199', 2, 267);
INSERT INTO public.line_item (id, price, product_code, quantity, order_id) VALUES (775, 14.45, '165614', 3, 267);
INSERT INTO public.line_item (id, price, product_code, quantity, order_id) VALUES (776, 6.95, 'RHNL-002', 3, 267);
INSERT INTO public.line_item (id, price, product_code, quantity, order_id) VALUES (777, 26.95, 'RHNL-017', 1, 268);
INSERT INTO public.line_item (id, price, product_code, quantity, order_id) VALUES (778, 26.5, 'RHNAM-095-RED', 3, 268);
INSERT INTO public.line_item (id, price, product_code, quantity, order_id) VALUES (779, 38.5, 'RHNL-011', 3, 268);
INSERT INTO public.line_item (id, price, product_code, quantity, order_id) VALUES (780, 10.0, 'RHNAM-233', 2, 268);
INSERT INTO public.line_item (id, price, product_code, quantity, order_id) VALUES (781, 26.95, 'RHNL-017', 2, 269);
INSERT INTO public.line_item (id, price, product_code, quantity, order_id) VALUES (782, 26.95, 'RHNL-017', 2, 270);
INSERT INTO public.line_item (id, price, product_code, quantity, order_id) VALUES (783, 26.95, 'RHNL-017', 2, 271);
INSERT INTO public.line_item (id, price, product_code, quantity, order_id) VALUES (784, 14.0, 'RHNAM-222', 3, 271);
INSERT INTO public.line_item (id, price, product_code, quantity, order_id) VALUES (785, 26.95, 'RHNL-017', 3, 272);
INSERT INTO public.line_item (id, price, product_code, quantity, order_id) VALUES (786, 12.0, 'RHNL-004', 1, 272);
INSERT INTO public.line_item (id, price, product_code, quantity, order_id) VALUES (787, 6.0, 'RHNAM-094-WHT', 1, 272);
INSERT INTO public.line_item (id, price, product_code, quantity, order_id) VALUES (788, 38.5, 'RHNL-011', 2, 272);
INSERT INTO public.line_item (id, price, product_code, quantity, order_id) VALUES (789, 26.95, 'RHNL-017', 1, 273);
INSERT INTO public.line_item (id, price, product_code, quantity, order_id) VALUES (790, 12.5, 'RHNAM-255', 2, 273);
INSERT INTO public.line_item (id, price, product_code, quantity, order_id) VALUES (791, 2.75, '444437', 1, 273);
INSERT INTO public.line_item (id, price, product_code, quantity, order_id) VALUES (792, 26.95, 'RHNL-017', 2, 274);
INSERT INTO public.line_item (id, price, product_code, quantity, order_id) VALUES (793, 0.9, 'RHNAM-245', 2, 274);
INSERT INTO public.line_item (id, price, product_code, quantity, order_id) VALUES (794, 5.85, 'RHNAM-023E-RED', 1, 274);
INSERT INTO public.line_item (id, price, product_code, quantity, order_id) VALUES (795, 14.45, '165614', 3, 274);
INSERT INTO public.line_item (id, price, product_code, quantity, order_id) VALUES (796, 26.95, 'RHNL-017', 1, 275);
INSERT INTO public.line_item (id, price, product_code, quantity, order_id) VALUES (797, 14.45, '165614', 1, 275);
INSERT INTO public.line_item (id, price, product_code, quantity, order_id) VALUES (798, 6.95, 'RHNL-002', 3, 275);
INSERT INTO public.line_item (id, price, product_code, quantity, order_id) VALUES (799, 26.95, 'RHNL-017', 1, 276);
INSERT INTO public.line_item (id, price, product_code, quantity, order_id) VALUES (800, 0.9, 'RHNAM-245', 3, 276);
INSERT INTO public.line_item (id, price, product_code, quantity, order_id) VALUES (801, 12.0, 'RHNL-004', 3, 276);
INSERT INTO public.line_item (id, price, product_code, quantity, order_id) VALUES (802, 26.95, 'RHNL-017', 2, 277);
INSERT INTO public.line_item (id, price, product_code, quantity, order_id) VALUES (803, 5.85, 'RHNAM-023E-RED', 2, 277);
INSERT INTO public.line_item (id, price, product_code, quantity, order_id) VALUES (804, 12.0, 'RHNL-016', 1, 277);
INSERT INTO public.line_item (id, price, product_code, quantity, order_id) VALUES (805, 26.95, 'RHNL-017', 2, 278);
INSERT INTO public.line_item (id, price, product_code, quantity, order_id) VALUES (806, 13.5, 'RHNL-018', 3, 278);
INSERT INTO public.line_item (id, price, product_code, quantity, order_id) VALUES (807, 12.0, 'RHNL-004', 3, 278);
INSERT INTO public.line_item (id, price, product_code, quantity, order_id) VALUES (808, 26.95, 'RHNL-017', 1, 279);
INSERT INTO public.line_item (id, price, product_code, quantity, order_id) VALUES (809, 26.95, 'RHNL-017', 3, 280);
INSERT INTO public.line_item (id, price, product_code, quantity, order_id) VALUES (810, 5.75, 'RHNAM-042E', 3, 280);
INSERT INTO public.line_item (id, price, product_code, quantity, order_id) VALUES (811, 26.95, 'RHNL-017', 1, 281);
INSERT INTO public.line_item (id, price, product_code, quantity, order_id) VALUES (812, 10.0, '329299', 2, 281);
INSERT INTO public.line_item (id, price, product_code, quantity, order_id) VALUES (813, 26.95, 'RHNL-017', 3, 282);
INSERT INTO public.line_item (id, price, product_code, quantity, order_id) VALUES (814, 26.95, 'RHNL-017', 2, 283);
INSERT INTO public.line_item (id, price, product_code, quantity, order_id) VALUES (815, 10.0, 'RHNAM-233', 3, 283);
INSERT INTO public.line_item (id, price, product_code, quantity, order_id) VALUES (816, 6.95, 'RHNL-002', 3, 283);
INSERT INTO public.line_item (id, price, product_code, quantity, order_id) VALUES (817, 26.95, 'RHNL-017', 1, 284);
INSERT INTO public.line_item (id, price, product_code, quantity, order_id) VALUES (818, 2.75, '444437', 2, 284);
INSERT INTO public.line_item (id, price, product_code, quantity, order_id) VALUES (819, 26.95, 'RHNL-017', 3, 285);
INSERT INTO public.line_item (id, price, product_code, quantity, order_id) VALUES (820, 5.75, 'RHNAM-042E', 3, 285);
INSERT INTO public.line_item (id, price, product_code, quantity, order_id) VALUES (821, 26.95, 'RHNL-017', 3, 286);
INSERT INTO public.line_item (id, price, product_code, quantity, order_id) VALUES (822, 46.0, 'RHNAM-054E-RED', 1, 286);
INSERT INTO public.line_item (id, price, product_code, quantity, order_id) VALUES (823, 26.95, 'RHNL-017', 3, 287);
INSERT INTO public.line_item (id, price, product_code, quantity, order_id) VALUES (824, 13.5, 'RHNL-018', 2, 287);
INSERT INTO public.line_item (id, price, product_code, quantity, order_id) VALUES (825, 26.95, 'RHNL-017', 3, 288);
INSERT INTO public.line_item (id, price, product_code, quantity, order_id) VALUES (826, 1.35, 'RHNAM-257', 1, 288);
INSERT INTO public.line_item (id, price, product_code, quantity, order_id) VALUES (827, 26.95, 'RHNL-017', 2, 289);
INSERT INTO public.line_item (id, price, product_code, quantity, order_id) VALUES (828, 1.35, 'RHNAM-257', 2, 289);
INSERT INTO public.line_item (id, price, product_code, quantity, order_id) VALUES (829, 10.0, '329299', 3, 289);
INSERT INTO public.line_item (id, price, product_code, quantity, order_id) VALUES (830, 20.0, 'RHNAM-240', 3, 289);
INSERT INTO public.line_item (id, price, product_code, quantity, order_id) VALUES (831, 26.95, 'RHNL-017', 1, 290);
INSERT INTO public.line_item (id, price, product_code, quantity, order_id) VALUES (832, 26.95, 'RHNL-017', 2, 291);
INSERT INTO public.line_item (id, price, product_code, quantity, order_id) VALUES (833, 26.95, 'RHNL-017', 3, 292);
INSERT INTO public.line_item (id, price, product_code, quantity, order_id) VALUES (834, 26.95, 'RHNL-017', 1, 293);
INSERT INTO public.line_item (id, price, product_code, quantity, order_id) VALUES (835, 8.95, 'RHNL-008', 3, 293);
INSERT INTO public.line_item (id, price, product_code, quantity, order_id) VALUES (836, 4.3, 'RHNL-015', 2, 293);
INSERT INTO public.line_item (id, price, product_code, quantity, order_id) VALUES (837, 11.0, 'RHNAM-232', 1, 293);
INSERT INTO public.line_item (id, price, product_code, quantity, order_id) VALUES (838, 26.95, 'RHNL-017', 1, 294);
INSERT INTO public.line_item (id, price, product_code, quantity, order_id) VALUES (839, 11.0, 'RHNAM-239', 3, 294);
INSERT INTO public.line_item (id, price, product_code, quantity, order_id) VALUES (840, 26.95, 'RHNL-017', 2, 295);
INSERT INTO public.line_item (id, price, product_code, quantity, order_id) VALUES (841, 13.5, 'RHNL-018', 3, 295);
INSERT INTO public.line_item (id, price, product_code, quantity, order_id) VALUES (842, 4.3, 'RHNL-015', 3, 295);
INSERT INTO public.line_item (id, price, product_code, quantity, order_id) VALUES (843, 129.95, 'RHNAM-252-BLK', 3, 295);
INSERT INTO public.line_item (id, price, product_code, quantity, order_id) VALUES (844, 26.95, 'RHNL-017', 1, 296);
INSERT INTO public.line_item (id, price, product_code, quantity, order_id) VALUES (845, 1.35, 'RHNAM-257', 3, 296);
INSERT INTO public.line_item (id, price, product_code, quantity, order_id) VALUES (846, 11.0, 'RHNAM-232', 2, 296);
INSERT INTO public.line_item (id, price, product_code, quantity, order_id) VALUES (847, 26.95, 'RHNL-017', 2, 297);
INSERT INTO public.line_item (id, price, product_code, quantity, order_id) VALUES (848, 14.0, 'RHNAM-222', 1, 297);
INSERT INTO public.line_item (id, price, product_code, quantity, order_id) VALUES (849, 129.95, 'RHNAM-252-BLK', 3, 297);
INSERT INTO public.line_item (id, price, product_code, quantity, order_id) VALUES (850, 26.95, 'RHNL-017', 1, 298);
INSERT INTO public.line_item (id, price, product_code, quantity, order_id) VALUES (851, 26.95, 'RHNL-017', 2, 299);
INSERT INTO public.line_item (id, price, product_code, quantity, order_id) VALUES (852, 26.5, 'RHNAM-095-RED', 1, 299);
INSERT INTO public.line_item (id, price, product_code, quantity, order_id) VALUES (853, 11.85, 'RHNAM-465', 1, 299);
INSERT INTO public.line_item (id, price, product_code, quantity, order_id) VALUES (854, 26.95, 'RHNL-017', 2, 300);
INSERT INTO public.line_item (id, price, product_code, quantity, order_id) VALUES (855, 46.0, 'RHNAM-054E-RED', 3, 300);
INSERT INTO public.line_item (id, price, product_code, quantity, order_id) VALUES (856, 20.0, 'RHNAM-240', 2, 300);
INSERT INTO public.line_item (id, price, product_code, quantity, order_id) VALUES (857, 11.0, 'RHNAM-179', 1, 300);
INSERT INTO public.line_item (id, price, product_code, quantity, order_id) VALUES (858, 26.95, 'RHNL-017', 1, 301);
INSERT INTO public.line_item (id, price, product_code, quantity, order_id) VALUES (859, 26.95, 'RHNL-017', 2, 302);
INSERT INTO public.line_item (id, price, product_code, quantity, order_id) VALUES (860, 16.99, 'RHNAM-250', 1, 302);
INSERT INTO public.line_item (id, price, product_code, quantity, order_id) VALUES (861, 1.35, 'RHNAM-257', 3, 302);
INSERT INTO public.line_item (id, price, product_code, quantity, order_id) VALUES (862, 14.45, '165614', 3, 302);
INSERT INTO public.line_item (id, price, product_code, quantity, order_id) VALUES (863, 26.95, 'RHNL-017', 1, 303);
INSERT INTO public.line_item (id, price, product_code, quantity, order_id) VALUES (864, 9.0, '444434', 2, 303);
INSERT INTO public.line_item (id, price, product_code, quantity, order_id) VALUES (865, 26.95, 'RHNL-017', 2, 304);
INSERT INTO public.line_item (id, price, product_code, quantity, order_id) VALUES (866, 5.75, 'RHNAM-042E', 2, 304);
INSERT INTO public.line_item (id, price, product_code, quantity, order_id) VALUES (867, 9.0, '444434', 3, 304);
INSERT INTO public.line_item (id, price, product_code, quantity, order_id) VALUES (868, 26.95, 'RHNL-017', 1, 305);
INSERT INTO public.line_item (id, price, product_code, quantity, order_id) VALUES (869, 38.5, 'RHNL-011', 2, 305);
INSERT INTO public.line_item (id, price, product_code, quantity, order_id) VALUES (870, 12.5, 'RHNAM-255', 1, 305);
INSERT INTO public.line_item (id, price, product_code, quantity, order_id) VALUES (871, 26.95, 'RHNL-017', 1, 306);
INSERT INTO public.line_item (id, price, product_code, quantity, order_id) VALUES (872, 26.95, 'RHNL-017', 1, 307);
INSERT INTO public.line_item (id, price, product_code, quantity, order_id) VALUES (873, 26.95, 'RHNL-017', 1, 308);
INSERT INTO public.line_item (id, price, product_code, quantity, order_id) VALUES (874, 11.0, 'RHNAM-179', 1, 308);
INSERT INTO public.line_item (id, price, product_code, quantity, order_id) VALUES (875, 17.25, 'RHNL-005', 1, 308);
INSERT INTO public.line_item (id, price, product_code, quantity, order_id) VALUES (876, 26.95, 'RHNL-017', 1, 309);
INSERT INTO public.line_item (id, price, product_code, quantity, order_id) VALUES (877, 46.0, 'RHNAM-054E-RED', 3, 309);
INSERT INTO public.line_item (id, price, product_code, quantity, order_id) VALUES (878, 27.5, 'RHNL-009', 2, 309);
INSERT INTO public.line_item (id, price, product_code, quantity, order_id) VALUES (879, 26.95, 'RHNL-017', 2, 310);
INSERT INTO public.line_item (id, price, product_code, quantity, order_id) VALUES (880, 2.75, 'RHNAM-249', 2, 310);
INSERT INTO public.line_item (id, price, product_code, quantity, order_id) VALUES (881, 4.3, 'RHNL-015', 3, 310);
INSERT INTO public.line_item (id, price, product_code, quantity, order_id) VALUES (882, 11.0, 'RHNAM-231', 3, 310);
INSERT INTO public.line_item (id, price, product_code, quantity, order_id) VALUES (883, 26.95, 'RHNL-017', 1, 311);
INSERT INTO public.line_item (id, price, product_code, quantity, order_id) VALUES (884, 26.95, 'RHNL-017', 3, 312);
INSERT INTO public.line_item (id, price, product_code, quantity, order_id) VALUES (885, 26.95, 'RHNL-017', 3, 313);
INSERT INTO public.line_item (id, price, product_code, quantity, order_id) VALUES (886, 20.0, 'RHNAM-240', 1, 313);
INSERT INTO public.line_item (id, price, product_code, quantity, order_id) VALUES (887, 11.85, 'RHNAM-465', 2, 313);
INSERT INTO public.line_item (id, price, product_code, quantity, order_id) VALUES (888, 14.0, 'RHNAM-222', 3, 313);
INSERT INTO public.line_item (id, price, product_code, quantity, order_id) VALUES (889, 26.95, 'RHNL-017', 1, 314);
INSERT INTO public.line_item (id, price, product_code, quantity, order_id) VALUES (890, 12.5, 'RHNAM-255', 2, 314);
INSERT INTO public.line_item (id, price, product_code, quantity, order_id) VALUES (891, 26.95, 'RHNL-017', 1, 315);
INSERT INTO public.line_item (id, price, product_code, quantity, order_id) VALUES (892, 4.15, '165613', 1, 315);
INSERT INTO public.line_item (id, price, product_code, quantity, order_id) VALUES (893, 17.25, 'RHNL-005', 1, 315);
INSERT INTO public.line_item (id, price, product_code, quantity, order_id) VALUES (894, 26.5, 'RHNAM-095-RED', 3, 315);
INSERT INTO public.line_item (id, price, product_code, quantity, order_id) VALUES (895, 26.95, 'RHNL-017', 3, 316);
INSERT INTO public.line_item (id, price, product_code, quantity, order_id) VALUES (896, 46.0, 'RHNAM-054E-RED', 1, 316);
INSERT INTO public.line_item (id, price, product_code, quantity, order_id) VALUES (897, 26.95, 'RHNL-017', 2, 317);
INSERT INTO public.line_item (id, price, product_code, quantity, order_id) VALUES (898, 11.0, 'RHNAM-234', 1, 317);
INSERT INTO public.line_item (id, price, product_code, quantity, order_id) VALUES (899, 17.25, 'RHNL-005', 1, 317);
INSERT INTO public.line_item (id, price, product_code, quantity, order_id) VALUES (900, 26.95, 'RHNL-017', 2, 318);
INSERT INTO public.line_item (id, price, product_code, quantity, order_id) VALUES (901, 26.95, 'RHNL-017', 3, 319);
INSERT INTO public.line_item (id, price, product_code, quantity, order_id) VALUES (902, 26.95, 'RHNL-017', 1, 320);
INSERT INTO public.line_item (id, price, product_code, quantity, order_id) VALUES (903, 26.95, 'RHNL-017', 1, 321);
INSERT INTO public.line_item (id, price, product_code, quantity, order_id) VALUES (904, 38.5, 'RHNL-011', 2, 321);
INSERT INTO public.line_item (id, price, product_code, quantity, order_id) VALUES (905, 16.99, 'RHNAM-250', 2, 321);
INSERT INTO public.line_item (id, price, product_code, quantity, order_id) VALUES (906, 26.95, 'RHNL-017', 2, 322);
INSERT INTO public.line_item (id, price, product_code, quantity, order_id) VALUES (907, 8.95, 'RHNL-008', 2, 322);
INSERT INTO public.line_item (id, price, product_code, quantity, order_id) VALUES (908, 11.85, 'RHNAM-465', 2, 322);
INSERT INTO public.line_item (id, price, product_code, quantity, order_id) VALUES (909, 5.75, 'RHNAM-042E', 1, 322);
INSERT INTO public.line_item (id, price, product_code, quantity, order_id) VALUES (910, 26.95, 'RHNL-017', 1, 323);
INSERT INTO public.line_item (id, price, product_code, quantity, order_id) VALUES (911, 4.3, 'RHNL-015', 3, 323);
INSERT INTO public.line_item (id, price, product_code, quantity, order_id) VALUES (912, 10.0, '329299', 2, 323);
INSERT INTO public.line_item (id, price, product_code, quantity, order_id) VALUES (913, 129.95, 'RHNAM-252-BLK', 3, 323);
INSERT INTO public.line_item (id, price, product_code, quantity, order_id) VALUES (914, 26.95, 'RHNL-017', 2, 324);
INSERT INTO public.line_item (id, price, product_code, quantity, order_id) VALUES (915, 9.0, '329199', 1, 324);
INSERT INTO public.line_item (id, price, product_code, quantity, order_id) VALUES (916, 26.95, 'RHNL-017', 1, 325);
INSERT INTO public.line_item (id, price, product_code, quantity, order_id) VALUES (917, 26.5, 'RHNAM-095-RED', 1, 325);
INSERT INTO public.line_item (id, price, product_code, quantity, order_id) VALUES (918, 10.0, 'RHNAM-233', 1, 325);
INSERT INTO public.line_item (id, price, product_code, quantity, order_id) VALUES (919, 11.85, 'RHNAM-465', 3, 325);
INSERT INTO public.line_item (id, price, product_code, quantity, order_id) VALUES (920, 26.95, 'RHNL-017', 1, 326);
INSERT INTO public.line_item (id, price, product_code, quantity, order_id) VALUES (921, 11.0, 'RHNAM-232', 2, 326);
INSERT INTO public.line_item (id, price, product_code, quantity, order_id) VALUES (922, 26.95, 'RHNL-017', 1, 327);
INSERT INTO public.line_item (id, price, product_code, quantity, order_id) VALUES (923, 11.85, 'RHNAM-465', 2, 327);
INSERT INTO public.line_item (id, price, product_code, quantity, order_id) VALUES (924, 26.95, 'RHNL-017', 3, 328);
INSERT INTO public.line_item (id, price, product_code, quantity, order_id) VALUES (925, 11.0, 'RHNAM-179', 2, 328);
INSERT INTO public.line_item (id, price, product_code, quantity, order_id) VALUES (926, 12.0, 'RHNL-016', 3, 328);
INSERT INTO public.line_item (id, price, product_code, quantity, order_id) VALUES (927, 26.95, 'RHNL-017', 2, 329);
INSERT INTO public.line_item (id, price, product_code, quantity, order_id) VALUES (928, 26.95, 'RHNL-017', 2, 330);
INSERT INTO public.line_item (id, price, product_code, quantity, order_id) VALUES (929, 10.0, 'RHNAM-233', 1, 330);
INSERT INTO public.line_item (id, price, product_code, quantity, order_id) VALUES (930, 17.25, 'RHNL-005', 1, 330);
INSERT INTO public.line_item (id, price, product_code, quantity, order_id) VALUES (931, 26.95, 'RHNL-017', 1, 331);
INSERT INTO public.line_item (id, price, product_code, quantity, order_id) VALUES (932, 13.5, 'RHNL-018', 1, 331);
INSERT INTO public.line_item (id, price, product_code, quantity, order_id) VALUES (933, 11.25, 'RHNL-006', 3, 331);
INSERT INTO public.line_item (id, price, product_code, quantity, order_id) VALUES (934, 13.5, 'RHNL-018', 3, 331);
INSERT INTO public.line_item (id, price, product_code, quantity, order_id) VALUES (935, 26.95, 'RHNL-017', 2, 332);
INSERT INTO public.line_item (id, price, product_code, quantity, order_id) VALUES (936, 11.0, 'RHNAM-231', 3, 332);
INSERT INTO public.line_item (id, price, product_code, quantity, order_id) VALUES (937, 6.0, 'RHNAM-094-WHT', 2, 332);
INSERT INTO public.line_item (id, price, product_code, quantity, order_id) VALUES (938, 26.95, 'RHNL-017', 3, 333);
INSERT INTO public.line_item (id, price, product_code, quantity, order_id) VALUES (939, 4.15, '165613', 1, 333);
INSERT INTO public.line_item (id, price, product_code, quantity, order_id) VALUES (940, 13.5, 'RHNL-018', 3, 333);
INSERT INTO public.line_item (id, price, product_code, quantity, order_id) VALUES (941, 29.0, 'RHNL-007', 1, 333);
INSERT INTO public.line_item (id, price, product_code, quantity, order_id) VALUES (942, 26.95, 'RHNL-017', 3, 334);
INSERT INTO public.line_item (id, price, product_code, quantity, order_id) VALUES (943, 26.95, 'RHNL-017', 3, 335);
INSERT INTO public.line_item (id, price, product_code, quantity, order_id) VALUES (944, 5.75, 'RHNAM-042E', 3, 335);
INSERT INTO public.line_item (id, price, product_code, quantity, order_id) VALUES (945, 46.0, 'RHNAM-054E-RED', 1, 335);
INSERT INTO public.line_item (id, price, product_code, quantity, order_id) VALUES (946, 11.0, 'RHNAM-179', 3, 335);
INSERT INTO public.line_item (id, price, product_code, quantity, order_id) VALUES (947, 26.95, 'RHNL-017', 3, 336);
INSERT INTO public.line_item (id, price, product_code, quantity, order_id) VALUES (948, 26.95, 'RHNL-017', 3, 337);
INSERT INTO public.line_item (id, price, product_code, quantity, order_id) VALUES (949, 8.95, 'RHNL-008', 3, 337);
INSERT INTO public.line_item (id, price, product_code, quantity, order_id) VALUES (950, 4.3, 'RHNL-015', 2, 337);
INSERT INTO public.line_item (id, price, product_code, quantity, order_id) VALUES (951, 26.95, 'RHNL-017', 3, 338);
INSERT INTO public.line_item (id, price, product_code, quantity, order_id) VALUES (952, 1.35, 'RHNAM-257', 1, 338);
INSERT INTO public.line_item (id, price, product_code, quantity, order_id) VALUES (953, 4.3, 'RHNL-015', 1, 338);
INSERT INTO public.line_item (id, price, product_code, quantity, order_id) VALUES (954, 26.95, 'RHNL-017', 3, 339);
INSERT INTO public.line_item (id, price, product_code, quantity, order_id) VALUES (955, 9.0, '329199', 3, 339);
INSERT INTO public.line_item (id, price, product_code, quantity, order_id) VALUES (956, 10.0, '329299', 2, 339);
INSERT INTO public.line_item (id, price, product_code, quantity, order_id) VALUES (957, 11.25, 'RHNL-006', 3, 339);
INSERT INTO public.line_item (id, price, product_code, quantity, order_id) VALUES (958, 26.95, 'RHNL-017', 2, 340);
INSERT INTO public.line_item (id, price, product_code, quantity, order_id) VALUES (959, 11.0, 'RHNAM-239', 3, 340);
INSERT INTO public.line_item (id, price, product_code, quantity, order_id) VALUES (960, 12.5, 'RHNAM-255', 3, 340);
INSERT INTO public.line_item (id, price, product_code, quantity, order_id) VALUES (961, 26.95, 'RHNL-017', 2, 341);
INSERT INTO public.line_item (id, price, product_code, quantity, order_id) VALUES (962, 14.0, 'RHNAM-222', 1, 341);
INSERT INTO public.line_item (id, price, product_code, quantity, order_id) VALUES (963, 1.35, 'RHNAM-257', 3, 341);
INSERT INTO public.line_item (id, price, product_code, quantity, order_id) VALUES (964, 4.3, 'RHNL-015', 3, 341);
INSERT INTO public.line_item (id, price, product_code, quantity, order_id) VALUES (965, 26.95, 'RHNL-017', 1, 342);
INSERT INTO public.line_item (id, price, product_code, quantity, order_id) VALUES (966, 38.5, 'RHNL-011', 3, 342);
INSERT INTO public.line_item (id, price, product_code, quantity, order_id) VALUES (967, 26.95, 'RHNL-017', 1, 343);
INSERT INTO public.line_item (id, price, product_code, quantity, order_id) VALUES (968, 14.0, 'RHNAM-222', 1, 343);
INSERT INTO public.line_item (id, price, product_code, quantity, order_id) VALUES (969, 5.85, 'RHNAM-023E-RED', 1, 343);
INSERT INTO public.line_item (id, price, product_code, quantity, order_id) VALUES (970, 26.95, 'RHNL-017', 1, 344);
INSERT INTO public.line_item (id, price, product_code, quantity, order_id) VALUES (971, 9.0, '329199', 1, 344);
INSERT INTO public.line_item (id, price, product_code, quantity, order_id) VALUES (972, 26.95, 'RHNL-017', 3, 345);
INSERT INTO public.line_item (id, price, product_code, quantity, order_id) VALUES (973, 13.5, 'RHNL-018', 3, 345);
INSERT INTO public.line_item (id, price, product_code, quantity, order_id) VALUES (974, 26.5, 'RHNAM-095-RED', 1, 345);
INSERT INTO public.line_item (id, price, product_code, quantity, order_id) VALUES (975, 26.95, 'RHNL-017', 3, 346);
INSERT INTO public.line_item (id, price, product_code, quantity, order_id) VALUES (976, 26.95, 'RHNL-017', 1, 347);
INSERT INTO public.line_item (id, price, product_code, quantity, order_id) VALUES (977, 4.3, 'RHNL-015', 2, 347);
INSERT INTO public.line_item (id, price, product_code, quantity, order_id) VALUES (978, 9.0, '329199', 2, 347);
INSERT INTO public.line_item (id, price, product_code, quantity, order_id) VALUES (979, 2.75, 'RHNAM-249', 2, 347);
INSERT INTO public.line_item (id, price, product_code, quantity, order_id) VALUES (980, 26.95, 'RHNL-017', 3, 348);
INSERT INTO public.line_item (id, price, product_code, quantity, order_id) VALUES (981, 26.95, 'RHNL-017', 1, 349);
INSERT INTO public.line_item (id, price, product_code, quantity, order_id) VALUES (982, 11.0, 'RHNAM-232', 2, 349);
INSERT INTO public.line_item (id, price, product_code, quantity, order_id) VALUES (983, 12.0, 'RHNL-004', 2, 349);
INSERT INTO public.line_item (id, price, product_code, quantity, order_id) VALUES (984, 46.0, 'RHNAM-054E-RED', 2, 349);
INSERT INTO public.line_item (id, price, product_code, quantity, order_id) VALUES (985, 26.95, 'RHNL-017', 2, 350);
INSERT INTO public.line_item (id, price, product_code, quantity, order_id) VALUES (986, 26.95, 'RHNL-017', 3, 351);
INSERT INTO public.line_item (id, price, product_code, quantity, order_id) VALUES (987, 12.0, 'RHNL-004', 2, 351);
INSERT INTO public.line_item (id, price, product_code, quantity, order_id) VALUES (988, 13.0, '444435', 3, 351);
INSERT INTO public.line_item (id, price, product_code, quantity, order_id) VALUES (989, 12.0, 'RHNL-004', 2, 351);
INSERT INTO public.line_item (id, price, product_code, quantity, order_id) VALUES (990, 26.95, 'RHNL-017', 3, 352);
INSERT INTO public.line_item (id, price, product_code, quantity, order_id) VALUES (991, 11.85, 'RHNAM-465', 2, 352);
INSERT INTO public.line_item (id, price, product_code, quantity, order_id) VALUES (992, 2.75, '444437', 3, 352);
INSERT INTO public.line_item (id, price, product_code, quantity, order_id) VALUES (993, 26.95, 'RHNL-017', 2, 353);
INSERT INTO public.line_item (id, price, product_code, quantity, order_id) VALUES (994, 6.0, 'RHNAM-094-WHT', 1, 353);
INSERT INTO public.line_item (id, price, product_code, quantity, order_id) VALUES (995, 4.3, 'RHNL-015', 2, 353);
INSERT INTO public.line_item (id, price, product_code, quantity, order_id) VALUES (996, 26.95, 'RHNL-017', 2, 354);
INSERT INTO public.line_item (id, price, product_code, quantity, order_id) VALUES (997, 56.0, '165954', 2, 354);
INSERT INTO public.line_item (id, price, product_code, quantity, order_id) VALUES (998, 2.75, '444437', 1, 354);
INSERT INTO public.line_item (id, price, product_code, quantity, order_id) VALUES (999, 26.95, 'RHNL-017', 1, 355);

--
-- Data for Name: shipping_address; Type: TABLE DATA; Schema: public; Owner: debeziumrepgroup
--

INSERT INTO public.shipping_address (id, address1, address2, city, country, name, phone, state, zip, order_id) VALUES (104, '17 Cypress Avenue', '', 'Tooele', 'USA', 'Addison Oconnell', '(878) 068-7071', 'UT', '84074', 104);
INSERT INTO public.shipping_address (id, address1, address2, city, country, name, phone, state, zip, order_id) VALUES (105, '65 Oakwood Place', '', 'Belk', 'USA', 'Plácido Hernandez', '(808) 426-4212', 'AL', '35545', 105);
INSERT INTO public.shipping_address (id, address1, address2, city, country, name, phone, state, zip, order_id) VALUES (106, '37 Cedar Court', '', 'Fontana', 'USA', 'Samuel Day', '(336) 000-4242', 'KS', '66026', 106);
INSERT INTO public.shipping_address (id, address1, address2, city, country, name, phone, state, zip, order_id) VALUES (107, '45 Peachtree Place', '', 'Mitchellville', 'USA', 'Madeline Hansen', '(418) 961-7513', 'MD', '20720', 107);
INSERT INTO public.shipping_address (id, address1, address2, city, country, name, phone, state, zip, order_id) VALUES (108, '26 Chestnut Lane', '', 'Burlington', 'USA', 'Emily Long', '(339) 519-8234', 'CO', '80807', 108);
INSERT INTO public.shipping_address (id, address1, address2, city, country, name, phone, state, zip, order_id) VALUES (109, '86 Poplar Terrace', '', 'Esterbrook', 'USA', 'Samuel Crane', '(770) 547-8823', 'WY', '82633', 109);
INSERT INTO public.shipping_address (id, address1, address2, city, country, name, phone, state, zip, order_id) VALUES (110, '5 Cypress Point', '', 'Pennsburg', 'USA', 'Fiona Perry', '(409) 290-9974', 'PA', '18073', 110);
INSERT INTO public.shipping_address (id, address1, address2, city, country, name, phone, state, zip, order_id) VALUES (111, '99 Maple Lane', '', 'Cedar', 'USA', 'Verónica Mcpherson', '(807) 337-9884', 'MI', '49621', 111);
INSERT INTO public.shipping_address (id, address1, address2, city, country, name, phone, state, zip, order_id) VALUES (112, '52 Walnut Grove', '', 'Lenape Heights', 'USA', 'Audrey Oconnell', '(920) 755-5824', 'PA', '16226', 112);
INSERT INTO public.shipping_address (id, address1, address2, city, country, name, phone, state, zip, order_id) VALUES (113, '44 Fir Street', '', 'Riley', 'USA', 'Kian Brooks', '(364) 295-0583', 'IN', '47871', 113);
INSERT INTO public.shipping_address (id, address1, address2, city, country, name, phone, state, zip, order_id) VALUES (114, '12 Birch Circle', '', 'Madison Heights', 'USA', 'Evangeline Rodriguez', '(780) 558-5763', 'VA', '24572', 114);
INSERT INTO public.shipping_address (id, address1, address2, city, country, name, phone, state, zip, order_id) VALUES (115, '11 Mulberry Circle', '', 'Darien', 'USA', 'Samuel Copeland', '(831) 464-5394', 'WI', '53114', 115);
INSERT INTO public.shipping_address (id, address1, address2, city, country, name, phone, state, zip, order_id) VALUES (116, '62 Olive Drive', '', 'Taft Southwest', 'USA', 'Fidel Boone', '(787) 499-8059', 'TX', '78390', 116);
INSERT INTO public.shipping_address (id, address1, address2, city, country, name, phone, state, zip, order_id) VALUES (117, '18 Olive Drive', '', 'Dunlo', 'USA', 'Paisley Frank', '(216) 821-7598', 'PA', '15930', 117);
INSERT INTO public.shipping_address (id, address1, address2, city, country, name, phone, state, zip, order_id) VALUES (118, '23 Sequoia Boulevard', '', 'Baileyville', 'USA', 'Grace Vaughn', '(934) 006-4184', 'PA', '16865', 118);
INSERT INTO public.shipping_address (id, address1, address2, city, country, name, phone, state, zip, order_id) VALUES (119, '4 Redwood Avenue', '', 'Monroe Center', 'USA', 'Cason Flores', '(859) 465-6376', 'IL', '61052', 119);
INSERT INTO public.shipping_address (id, address1, address2, city, country, name, phone, state, zip, order_id) VALUES (120, '73 Juniper Court', '', 'Falconer', 'USA', 'Felipa Cantu', '(343) 751-6661', 'NY', '14733', 120);
INSERT INTO public.shipping_address (id, address1, address2, city, country, name, phone, state, zip, order_id) VALUES (121, '6 Poplar Terrace', '', 'The Hills', 'USA', 'Emmett Ramirez', '(343) 684-4526', 'TX', '78738', 121);
INSERT INTO public.shipping_address (id, address1, address2, city, country, name, phone, state, zip, order_id) VALUES (122, '8 Ash Street', '', 'Berlin', 'USA', 'Lillian Cruz', '(805) 965-4130', 'OH', '44654', 122);
INSERT INTO public.shipping_address (id, address1, address2, city, country, name, phone, state, zip, order_id) VALUES (123, '44 Sequoia Boulevard', '', 'Versailles', 'USA', 'Rhett Flores', '(917) 286-1184', 'IL', '62378', 123);
INSERT INTO public.shipping_address (id, address1, address2, city, country, name, phone, state, zip, order_id) VALUES (124, '31 Magnolia Street', '', 'Lawrence Creek', 'USA', 'Abigail Kelly', '(646) 730-4161', 'OK', '74044', 124);
INSERT INTO public.shipping_address (id, address1, address2, city, country, name, phone, state, zip, order_id) VALUES (125, '96 Spruce Place', '', 'Wheatcroft', 'USA', 'Azahar Freeman', '(580) 277-8307', 'KY', '42463', 125);
INSERT INTO public.shipping_address (id, address1, address2, city, country, name, phone, state, zip, order_id) VALUES (126, '100 Holly Hill', '', 'Culebra', 'USA', 'Audrey Sanders', '(343) 637-4059', 'PR', '00775', 126);
INSERT INTO public.shipping_address (id, address1, address2, city, country, name, phone, state, zip, order_id) VALUES (127, '82 Poplar Terrace', '', 'Coolidge', 'USA', 'Daniel Wilson', '(548) 930-0008', 'KS', '67836', 127);
INSERT INTO public.shipping_address (id, address1, address2, city, country, name, phone, state, zip, order_id) VALUES (128, '62 Willow Lane', '', 'East Nicolaus', 'USA', 'Maren Perry', '(916) 601-7486', 'CA', '95659', 128);
INSERT INTO public.shipping_address (id, address1, address2, city, country, name, phone, state, zip, order_id) VALUES (129, '32 Elmwood Terrace', '', 'Farnam', 'USA', 'Rosalía Wright', '(973) 622-3997', 'NE', '69029', 129);
INSERT INTO public.shipping_address (id, address1, address2, city, country, name, phone, state, zip, order_id) VALUES (130, '44 Sequoia Boulevard', '', 'Ashton', 'USA', 'Jaxon Carroll', '(912) 407-4028', 'IA', '51232', 130);
INSERT INTO public.shipping_address (id, address1, address2, city, country, name, phone, state, zip, order_id) VALUES (131, '15 Grove Street', '', 'Genola', 'USA', 'Ellis Fisher', '(213) 137-0756', 'UT', '84655', 131);
INSERT INTO public.shipping_address (id, address1, address2, city, country, name, phone, state, zip, order_id) VALUES (132, '18 Olive Drive', '', 'Dunlo', 'USA', 'Paisley Frank', '(216) 821-7598', 'PA', '15930', 132);
INSERT INTO public.shipping_address (id, address1, address2, city, country, name, phone, state, zip, order_id) VALUES (133, '46 Maplewood Avenue', '', 'Albertson', 'USA', 'Amelie Taylor', '(630) 431-3945', 'NY', '11507', 133);
INSERT INTO public.shipping_address (id, address1, address2, city, country, name, phone, state, zip, order_id) VALUES (134, '30 Forest Heights', '', 'Jeffersonville', 'USA', 'Reagan Tran', '(319) 934-2690', 'IN', '47130', 134);
INSERT INTO public.shipping_address (id, address1, address2, city, country, name, phone, state, zip, order_id) VALUES (135, '51 Hawthorn Drive', '', 'North Lawrence', 'USA', 'Madeline Miller', '(613) 828-4308', 'OH', '44666', 135);
INSERT INTO public.shipping_address (id, address1, address2, city, country, name, phone, state, zip, order_id) VALUES (136, '60 Holly Hill', '', 'Ramah', 'USA', 'Hazel Nguyen', '(256) 101-4145', 'NM', '87321', 136);
INSERT INTO public.shipping_address (id, address1, address2, city, country, name, phone, state, zip, order_id) VALUES (137, '86 Walnut Grove', '', 'Aucilla', 'USA', 'Gaspar Mclaughlin', '(463) 673-9205', 'FL', '32344', 137);
INSERT INTO public.shipping_address (id, address1, address2, city, country, name, phone, state, zip, order_id) VALUES (138, '2 Mahogany Way', '', 'Lansing', 'USA', 'Skylar Lopez', '(607) 045-0086', 'IL', '60438', 138);
INSERT INTO public.shipping_address (id, address1, address2, city, country, name, phone, state, zip, order_id) VALUES (139, '20 Pine Road', '', 'Jackson', 'USA', 'Maisie Lopez', '(947) 104-1217', 'MN', '56143', 139);
INSERT INTO public.shipping_address (id, address1, address2, city, country, name, phone, state, zip, order_id) VALUES (140, '62 Spruce Ridge', '', 'Merrimac', 'USA', 'Eloise Hobbs', '(912) 495-9603', 'WI', '53561', 140);
INSERT INTO public.shipping_address (id, address1, address2, city, country, name, phone, state, zip, order_id) VALUES (141, '72 Magnolia Street', '', 'Panguitch', 'USA', 'Toribio Murray', '(332) 476-2088', 'UT', '84759', 141);
INSERT INTO public.shipping_address (id, address1, address2, city, country, name, phone, state, zip, order_id) VALUES (142, '6 Pinecrest Drive', '', 'Daphnedale Park', 'USA', 'Eloise Harvey', '(321) 390-3393', 'CA', '96101', 142);
INSERT INTO public.shipping_address (id, address1, address2, city, country, name, phone, state, zip, order_id) VALUES (143, '96 Spruce Place', '', 'Wheatcroft', 'USA', 'Azahar Freeman', '(580) 277-8307', 'KY', '42463', 143);
INSERT INTO public.shipping_address (id, address1, address2, city, country, name, phone, state, zip, order_id) VALUES (144, '2 Maplewood Avenue', '', 'Okawville', 'USA', 'Kinsley Chang', '(651) 170-1096', 'IL', '62271', 144);
INSERT INTO public.shipping_address (id, address1, address2, city, country, name, phone, state, zip, order_id) VALUES (145, '23 Sequoia Boulevard', '', 'Baileyville', 'USA', 'Grace Vaughn', '(934) 006-4184', 'PA', '16865', 145);
INSERT INTO public.shipping_address (id, address1, address2, city, country, name, phone, state, zip, order_id) VALUES (146, '30 Oakwood Place', '', 'Meadow Oaks', 'USA', 'Ariadna Thompson', '(425) 156-5982', 'FL', '34669', 146);
INSERT INTO public.shipping_address (id, address1, address2, city, country, name, phone, state, zip, order_id) VALUES (147, '23 Sequoia Boulevard', '', 'Baileyville', 'USA', 'Grace Vaughn', '(934) 006-4184', 'PA', '16865', 147);
INSERT INTO public.shipping_address (id, address1, address2, city, country, name, phone, state, zip, order_id) VALUES (148, '97 Holly Hill', '', 'Golconda', 'USA', 'Colette Sanchez', '(602) 834-5192', 'NV', '89414', 148);
INSERT INTO public.shipping_address (id, address1, address2, city, country, name, phone, state, zip, order_id) VALUES (149, '3 Maplewood Avenue', '', 'Twin Oaks', 'USA', 'Nazario Fuller', '(903) 905-5058', 'OK', '74347', 149);
INSERT INTO public.shipping_address (id, address1, address2, city, country, name, phone, state, zip, order_id) VALUES (150, '40 Ash Street', '', 'Beclabito', 'USA', 'Hazel Bell', '(701) 053-5036', 'NM', '87420', 150);
INSERT INTO public.shipping_address (id, address1, address2, city, country, name, phone, state, zip, order_id) VALUES (151, '11 Cedar Crest', '', 'Harrisburg', 'USA', 'Jose Chapman', '(984) 041-3280', 'NE', '69345', 151);
INSERT INTO public.shipping_address (id, address1, address2, city, country, name, phone, state, zip, order_id) VALUES (152, '17 Oak Drive', '', 'Sherwood', 'USA', 'Abigail Turner', '(585) 129-3817', 'ND', '58782', 152);
INSERT INTO public.shipping_address (id, address1, address2, city, country, name, phone, state, zip, order_id) VALUES (153, '26 Laurel Lane', '', 'West Burke', 'USA', 'Felipa Mosley', '(470) 698-4996', 'VT', '05871', 153);
INSERT INTO public.shipping_address (id, address1, address2, city, country, name, phone, state, zip, order_id) VALUES (154, '78 Magnolia Court', '', 'Daniel', 'USA', 'Addison Silva', '(506) 125-2015', 'UT', '84032', 154);
INSERT INTO public.shipping_address (id, address1, address2, city, country, name, phone, state, zip, order_id) VALUES (155, '22 Hawthorn Drive', '', 'Essex Junction', 'USA', 'Emily Murphy', '(630) 846-4575', 'VT', '05452', 155);
INSERT INTO public.shipping_address (id, address1, address2, city, country, name, phone, state, zip, order_id) VALUES (156, '12 Oakwood Place', '', 'Marlboro', 'USA', 'Emily Ortiz', '(902) 832-9964', 'OH', '44601', 156);
INSERT INTO public.shipping_address (id, address1, address2, city, country, name, phone, state, zip, order_id) VALUES (157, '51 Elm Avenue', '', 'Wolsey', 'USA', 'Ronan Kennedy', '(417) 981-4265', 'SD', '57384', 157);
INSERT INTO public.shipping_address (id, address1, address2, city, country, name, phone, state, zip, order_id) VALUES (158, '32 Sequoia Boulevard', '', 'Canterwood', 'USA', 'Zachary Cole', '(217) 424-8416', 'WA', '98332', 158);
INSERT INTO public.shipping_address (id, address1, address2, city, country, name, phone, state, zip, order_id) VALUES (159, '46 Maplewood Avenue', '', 'Albertson', 'USA', 'Amelie Taylor', '(630) 431-3945', 'NY', '11507', 159);
INSERT INTO public.shipping_address (id, address1, address2, city, country, name, phone, state, zip, order_id) VALUES (160, '61 Birch Circle', '', 'SUNY Oswego', 'USA', 'Clara Watson', '(506) 771-3700', 'NY', '13126', 160);
INSERT INTO public.shipping_address (id, address1, address2, city, country, name, phone, state, zip, order_id) VALUES (161, '84 Walnut Grove', '', 'Bonanza', 'USA', 'Victoria Thomas', '(450) 113-5193', 'GA', '30228', 161);
INSERT INTO public.shipping_address (id, address1, address2, city, country, name, phone, state, zip, order_id) VALUES (162, '51 Pinecrest Drive', '', 'Telluride', 'USA', 'Gil Powell', '(302) 916-5089', 'CO', '81435', 162);
INSERT INTO public.shipping_address (id, address1, address2, city, country, name, phone, state, zip, order_id) VALUES (163, '18 Spruce Ridge', '', 'Lake Butler', 'USA', 'Elsie Maddox', '(931) 364-8703', 'FL', '34786', 163);
INSERT INTO public.shipping_address (id, address1, address2, city, country, name, phone, state, zip, order_id) VALUES (164, '84 Bayberry Lane', '', 'Irwin', 'USA', 'Landon Edwards', '(609) 827-7373', 'MO', '64759', 164);
INSERT INTO public.shipping_address (id, address1, address2, city, country, name, phone, state, zip, order_id) VALUES (165, '72 Dogwood Drive', '', 'Ladd', 'USA', 'Melania Hoffman', '(989) 146-8067', 'IL', '61329', 165);
INSERT INTO public.shipping_address (id, address1, address2, city, country, name, phone, state, zip, order_id) VALUES (166, '61 Birch Circle', '', 'SUNY Oswego', 'USA', 'Clara Watson', '(506) 771-3700', 'NY', '13126', 166);
INSERT INTO public.shipping_address (id, address1, address2, city, country, name, phone, state, zip, order_id) VALUES (167, '47 Bayberry Lane', '', 'Mountain Village', 'USA', 'Joseph Little', '(870) 422-0174', 'AK', '99632', 167);
INSERT INTO public.shipping_address (id, address1, address2, city, country, name, phone, state, zip, order_id) VALUES (168, '10 Cherry Lane', '', 'Westfield', 'USA', 'Josephine West', '(319) 104-3222', 'IA', '51062', 168);
INSERT INTO public.shipping_address (id, address1, address2, city, country, name, phone, state, zip, order_id) VALUES (169, '26 Laurel Lane', '', 'West Burke', 'USA', 'Felipa Mosley', '(470) 698-4996', 'VT', '05871', 169);
INSERT INTO public.shipping_address (id, address1, address2, city, country, name, phone, state, zip, order_id) VALUES (170, '36 Sycamore Way', '', 'Reliance', 'USA', 'Isabelle White', '(989) 816-9802', 'SD', '57569', 170);
INSERT INTO public.shipping_address (id, address1, address2, city, country, name, phone, state, zip, order_id) VALUES (171, '96 Spruce Place', '', 'Wheatcroft', 'USA', 'Azahar Freeman', '(580) 277-8307', 'KY', '42463', 171);
INSERT INTO public.shipping_address (id, address1, address2, city, country, name, phone, state, zip, order_id) VALUES (172, '65 Birch Circle', '', 'Grandview', 'USA', 'Atticus Carter', '(302) 295-4994', 'OK', '74464', 172);
INSERT INTO public.shipping_address (id, address1, address2, city, country, name, phone, state, zip, order_id) VALUES (173, '29 Hawthorn Drive', '', 'Doe Run', 'USA', 'Abel Scott', '(301) 033-9045', 'MO', '63601', 173);
INSERT INTO public.shipping_address (id, address1, address2, city, country, name, phone, state, zip, order_id) VALUES (174, '57 Willow Lane', '', 'Lucas', 'USA', 'Jaxson Gonzalez', '(806) 825-4844', 'IA', '50151', 174);
INSERT INTO public.shipping_address (id, address1, address2, city, country, name, phone, state, zip, order_id) VALUES (175, '12 Birch Circle', '', 'Madison Heights', 'USA', 'Evangeline Rodriguez', '(780) 558-5763', 'VA', '24572', 175);
INSERT INTO public.shipping_address (id, address1, address2, city, country, name, phone, state, zip, order_id) VALUES (176, '23 Sequoia Boulevard', '', 'Baileyville', 'USA', 'Grace Vaughn', '(934) 006-4184', 'PA', '16865', 176);
INSERT INTO public.shipping_address (id, address1, address2, city, country, name, phone, state, zip, order_id) VALUES (177, '94 Holly Hill', '', 'Trinity', 'USA', 'Elise Avila', '(307) 924-2724', 'FL', '34655', 177);
INSERT INTO public.shipping_address (id, address1, address2, city, country, name, phone, state, zip, order_id) VALUES (178, '51 Pinecrest Drive', '', 'Telluride', 'USA', 'Gil Powell', '(302) 916-5089', 'CO', '81435', 178);
INSERT INTO public.shipping_address (id, address1, address2, city, country, name, phone, state, zip, order_id) VALUES (179, '42 Laurel Lane', '', 'Forest City', 'USA', 'Emmett Vaughn', '(937) 778-4932', 'NC', '28043', 179);
INSERT INTO public.shipping_address (id, address1, address2, city, country, name, phone, state, zip, order_id) VALUES (180, '65 Magnolia Court', '', 'Rye Brook', 'USA', 'Trenton Carroll', '(343) 876-1868', 'NY', '10604', 180);
INSERT INTO public.shipping_address (id, address1, address2, city, country, name, phone, state, zip, order_id) VALUES (181, '88 Elm Avenue', '', 'Boise', 'USA', 'Candela Chang', '(904) 212-9109', 'ID', '83703', 181);
INSERT INTO public.shipping_address (id, address1, address2, city, country, name, phone, state, zip, order_id) VALUES (182, '16 Laurel Lane', '', 'Greensburg', 'USA', 'Dahlia Avila', '(670) 203-8717', 'KY', '42743', 182);
INSERT INTO public.shipping_address (id, address1, address2, city, country, name, phone, state, zip, order_id) VALUES (183, '50 Spruce Ridge', '', 'Tuscumbia', 'USA', 'Blake Jensen', '(424) 940-6411', 'AL', '35674', 183);
INSERT INTO public.shipping_address (id, address1, address2, city, country, name, phone, state, zip, order_id) VALUES (184, '87 Oakwood Place', '', 'Galion', 'USA', 'Ryan West', '(973) 620-2699', 'OH', '44833', 184);
INSERT INTO public.shipping_address (id, address1, address2, city, country, name, phone, state, zip, order_id) VALUES (185, '6 Pinecrest Drive', '', 'Daphnedale Park', 'USA', 'Eloise Harvey', '(321) 390-3393', 'CA', '96101', 185);
INSERT INTO public.shipping_address (id, address1, address2, city, country, name, phone, state, zip, order_id) VALUES (186, '58 Oakwood Place', '', 'Fairfield', 'USA', 'Verónica Daugherty', '(657) 298-2215', 'PA', '17320', 186);
INSERT INTO public.shipping_address (id, address1, address2, city, country, name, phone, state, zip, order_id) VALUES (187, '93 Magnolia Street', '', 'Thayne', 'USA', 'Mar Maddox', '(301) 225-7595', 'WY', '83127', 187);
INSERT INTO public.shipping_address (id, address1, address2, city, country, name, phone, state, zip, order_id) VALUES (188, '65 Birch Circle', '', 'Grandview', 'USA', 'Atticus Carter', '(302) 295-4994', 'OK', '74464', 188);
INSERT INTO public.shipping_address (id, address1, address2, city, country, name, phone, state, zip, order_id) VALUES (189, '55 Oakwood Place', '', 'Riverside', 'USA', 'Titus Mueller', '(325) 415-0239', 'IL', '60546', 189);
INSERT INTO public.shipping_address (id, address1, address2, city, country, name, phone, state, zip, order_id) VALUES (190, '28 Redwood Avenue', '', 'Forsan', 'USA', 'Plinio Garcia', '(479) 829-9913', 'TX', '79733', 190);
INSERT INTO public.shipping_address (id, address1, address2, city, country, name, phone, state, zip, order_id) VALUES (191, '3 Chestnut Street', '', 'Prairie Creek', 'USA', 'Ronan Gardner', '(213) 493-0441', 'AR', '72756', 191);
INSERT INTO public.shipping_address (id, address1, address2, city, country, name, phone, state, zip, order_id) VALUES (192, '21 Peachtree Place', '', 'Adrian', 'USA', 'Adriana Avila', '(706) 652-1023', 'MI', '49221', 192);
INSERT INTO public.shipping_address (id, address1, address2, city, country, name, phone, state, zip, order_id) VALUES (193, '73 Pine Road', '', 'Loomis', 'USA', 'Landon Austin', '(351) 531-7870', 'MI', '48617', 193);
INSERT INTO public.shipping_address (id, address1, address2, city, country, name, phone, state, zip, order_id) VALUES (194, '24 Cedar Court', '', 'Spring Gap', 'USA', 'Josiah Stewart', '(608) 968-9902', 'MD', '21502', 194);
INSERT INTO public.shipping_address (id, address1, address2, city, country, name, phone, state, zip, order_id) VALUES (195, '26 Laurel Lane', '', 'West Burke', 'USA', 'Felipa Mosley', '(470) 698-4996', 'VT', '05871', 195);
INSERT INTO public.shipping_address (id, address1, address2, city, country, name, phone, state, zip, order_id) VALUES (196, '75 Sequoia Boulevard', '', 'Earl Park', 'USA', 'Maren Horn', '(812) 485-7813', 'IN', '47942', 196);
INSERT INTO public.shipping_address (id, address1, address2, city, country, name, phone, state, zip, order_id) VALUES (197, '87 Oakwood Place', '', 'Galion', 'USA', 'Ryan West', '(973) 620-2699', 'OH', '44833', 197);
INSERT INTO public.shipping_address (id, address1, address2, city, country, name, phone, state, zip, order_id) VALUES (198, '23 Forest Heights', '', 'Tappan', 'USA', 'Josie Long', '(615) 909-2541', 'NY', '10964', 198);
INSERT INTO public.shipping_address (id, address1, address2, city, country, name, phone, state, zip, order_id) VALUES (199, '15 Grove Street', '', 'Genola', 'USA', 'Ellis Fisher', '(213) 137-0756', 'UT', '84655', 199);
INSERT INTO public.shipping_address (id, address1, address2, city, country, name, phone, state, zip, order_id) VALUES (200, '86 Poplar Terrace', '', 'Esterbrook', 'USA', 'Samuel Crane', '(770) 547-8823', 'WY', '82633', 200);
INSERT INTO public.shipping_address (id, address1, address2, city, country, name, phone, state, zip, order_id) VALUES (201, '65 Oakwood Place', '', 'Belk', 'USA', 'Plácido Hernandez', '(808) 426-4212', 'AL', '35545', 201);
INSERT INTO public.shipping_address (id, address1, address2, city, country, name, phone, state, zip, order_id) VALUES (202, '57 Cedar Ridge', '', 'Alexandria', 'USA', 'Sophie Turner', '(340) 574-8927', 'KY', '41001', 202);
INSERT INTO public.shipping_address (id, address1, address2, city, country, name, phone, state, zip, order_id) VALUES (203, '32 Sequoia Boulevard', '', 'Canterwood', 'USA', 'Zachary Cole', '(217) 424-8416', 'WA', '98332', 203);
INSERT INTO public.shipping_address (id, address1, address2, city, country, name, phone, state, zip, order_id) VALUES (204, '86 Elm Avenue', '', 'Little River', 'USA', 'Elaina Gonzalez', '(289) 714-4022', 'CA', '95456', 204);
INSERT INTO public.shipping_address (id, address1, address2, city, country, name, phone, state, zip, order_id) VALUES (205, '78 Magnolia Court', '', 'Daniel', 'USA', 'Addison Silva', '(506) 125-2015', 'UT', '84032', 205);
INSERT INTO public.shipping_address (id, address1, address2, city, country, name, phone, state, zip, order_id) VALUES (206, '37 Sycamore Way', '', 'Frystown', 'USA', 'Ovidio Hunter', '(417) 522-5880', 'PA', '17067', 206);
INSERT INTO public.shipping_address (id, address1, address2, city, country, name, phone, state, zip, order_id) VALUES (207, '36 Hawthorn Drive', '', 'Cairo', 'USA', 'Sophie Salazar', '(847) 636-2340', 'NE', '68824', 207);
INSERT INTO public.shipping_address (id, address1, address2, city, country, name, phone, state, zip, order_id) VALUES (208, '68 Pinecrest Drive', '', 'Machesney Park', 'USA', 'Samuel Butler', '(704) 974-4184', 'IL', '61115', 208);
INSERT INTO public.shipping_address (id, address1, address2, city, country, name, phone, state, zip, order_id) VALUES (209, '57 Willow Lane', '', 'Lucas', 'USA', 'Jaxson Gonzalez', '(806) 825-4844', 'IA', '50151', 209);
INSERT INTO public.shipping_address (id, address1, address2, city, country, name, phone, state, zip, order_id) VALUES (210, '26 Laurel Lane', '', 'West Burke', 'USA', 'Felipa Mosley', '(470) 698-4996', 'VT', '05871', 210);
INSERT INTO public.shipping_address (id, address1, address2, city, country, name, phone, state, zip, order_id) VALUES (211, '44 Fir Street', '', 'Riley', 'USA', 'Kian Brooks', '(364) 295-0583', 'IN', '47871', 211);
INSERT INTO public.shipping_address (id, address1, address2, city, country, name, phone, state, zip, order_id) VALUES (212, '61 Chestnut Lane', '', 'Tarrant', 'USA', 'Margot Roberson', '(939) 127-0152', 'AL', '35217', 212);
INSERT INTO public.shipping_address (id, address1, address2, city, country, name, phone, state, zip, order_id) VALUES (213, '72 Dogwood Drive', '', 'Ladd', 'USA', 'Melania Hoffman', '(989) 146-8067', 'IL', '61329', 213);
INSERT INTO public.shipping_address (id, address1, address2, city, country, name, phone, state, zip, order_id) VALUES (214, '63 Olive Drive', '', 'Chesterbrook', 'USA', 'Leila Rodriguez', '(340) 429-0582', 'PA', '19087', 214);
INSERT INTO public.shipping_address (id, address1, address2, city, country, name, phone, state, zip, order_id) VALUES (215, '96 Cedar Court', '', 'Hauser', 'USA', 'Wesley Hurst', '(605) 639-6763', 'ID', '83854', 215);
INSERT INTO public.shipping_address (id, address1, address2, city, country, name, phone, state, zip, order_id) VALUES (216, '65 Magnolia Court', '', 'Rye Brook', 'USA', 'Trenton Carroll', '(343) 876-1868', 'NY', '10604', 216);
INSERT INTO public.shipping_address (id, address1, address2, city, country, name, phone, state, zip, order_id) VALUES (217, '32 Aspen Lane', '', 'Waterloo', 'USA', 'Kian Kim', '(424) 469-9169', 'IN', '46793', 217);
INSERT INTO public.shipping_address (id, address1, address2, city, country, name, phone, state, zip, order_id) VALUES (218, '67 Dogwood Lane', '', 'Petronila', 'USA', 'Blake Lee', '(602) 238-8820', 'TX', '78343', 218);
INSERT INTO public.shipping_address (id, address1, address2, city, country, name, phone, state, zip, order_id) VALUES (219, '6 Pine Road', '', 'Granite Falls', 'USA', 'Elsie Savage', '(365) 278-5384', 'MN', '56241', 219);
INSERT INTO public.shipping_address (id, address1, address2, city, country, name, phone, state, zip, order_id) VALUES (220, '27 Cypress Point', '', 'Petersburg', 'USA', 'Christopher Mosley', '(818) 122-7053', 'IN', '47567', 220);
INSERT INTO public.shipping_address (id, address1, address2, city, country, name, phone, state, zip, order_id) VALUES (221, '18 Spruce Ridge', '', 'Lake Butler', 'USA', 'Elsie Maddox', '(931) 364-8703', 'FL', '34786', 221);
INSERT INTO public.shipping_address (id, address1, address2, city, country, name, phone, state, zip, order_id) VALUES (222, '96 Cedar Court', '', 'Hauser', 'USA', 'Wesley Hurst', '(605) 639-6763', 'ID', '83854', 222);
INSERT INTO public.shipping_address (id, address1, address2, city, country, name, phone, state, zip, order_id) VALUES (223, '32 Aspen Lane', '', 'Waterloo', 'USA', 'Kian Kim', '(424) 469-9169', 'IN', '46793', 223);
INSERT INTO public.shipping_address (id, address1, address2, city, country, name, phone, state, zip, order_id) VALUES (224, '77 Chestnut Street', '', 'Smoke Rise', 'USA', 'Severo Griffith', '(709) 393-5784', 'AL', '35180', 224);
INSERT INTO public.shipping_address (id, address1, address2, city, country, name, phone, state, zip, order_id) VALUES (225, '70 Cedar Crest', '', 'Excursion Inlet', 'USA', 'Orion Norris', '(580) 448-5930', 'AK', '99827', 225);
INSERT INTO public.shipping_address (id, address1, address2, city, country, name, phone, state, zip, order_id) VALUES (226, '10 Cherry Lane', '', 'Westfield', 'USA', 'Josephine West', '(319) 104-3222', 'IA', '51062', 226);
INSERT INTO public.shipping_address (id, address1, address2, city, country, name, phone, state, zip, order_id) VALUES (227, '21 Peachtree Place', '', 'Adrian', 'USA', 'Adriana Avila', '(706) 652-1023', 'MI', '49221', 227);
INSERT INTO public.shipping_address (id, address1, address2, city, country, name, phone, state, zip, order_id) VALUES (228, '66 Oak Drive', '', 'Briggs', 'USA', 'Gil Johnson', '(213) 988-5087', 'OK', '74464', 228);
INSERT INTO public.shipping_address (id, address1, address2, city, country, name, phone, state, zip, order_id) VALUES (229, '10 Aspen Lane', '', 'Saddlebrooke', 'USA', 'Victoria Dunlap', '(269) 659-0984', 'AZ', '85739', 229);
INSERT INTO public.shipping_address (id, address1, address2, city, country, name, phone, state, zip, order_id) VALUES (230, '57 Willow Lane', '', 'Lucas', 'USA', 'Jaxson Gonzalez', '(806) 825-4844', 'IA', '50151', 230);
INSERT INTO public.shipping_address (id, address1, address2, city, country, name, phone, state, zip, order_id) VALUES (231, '78 Magnolia Court', '', 'Daniel', 'USA', 'Addison Silva', '(506) 125-2015', 'UT', '84032', 231);
INSERT INTO public.shipping_address (id, address1, address2, city, country, name, phone, state, zip, order_id) VALUES (232, '10 Cherry Lane', '', 'Westfield', 'USA', 'Josephine West', '(319) 104-3222', 'IA', '51062', 232);
INSERT INTO public.shipping_address (id, address1, address2, city, country, name, phone, state, zip, order_id) VALUES (233, '36 Sycamore Way', '', 'Reliance', 'USA', 'Isabelle White', '(989) 816-9802', 'SD', '57569', 233);
INSERT INTO public.shipping_address (id, address1, address2, city, country, name, phone, state, zip, order_id) VALUES (234, '84 Bayberry Lane', '', 'Irwin', 'USA', 'Landon Edwards', '(609) 827-7373', 'MO', '64759', 234);
INSERT INTO public.shipping_address (id, address1, address2, city, country, name, phone, state, zip, order_id) VALUES (235, '4 Redwood Avenue', '', 'Monroe Center', 'USA', 'Cason Flores', '(859) 465-6376', 'IL', '61052', 235);
INSERT INTO public.shipping_address (id, address1, address2, city, country, name, phone, state, zip, order_id) VALUES (236, '62 Spruce Ridge', '', 'Merrimac', 'USA', 'Eloise Hobbs', '(912) 495-9603', 'WI', '53561', 236);
INSERT INTO public.shipping_address (id, address1, address2, city, country, name, phone, state, zip, order_id) VALUES (237, '32 Peachtree Place', '', 'Rayland', 'USA', 'Cedric Chang', '(506) 693-9034', 'OH', '43943', 237);
INSERT INTO public.shipping_address (id, address1, address2, city, country, name, phone, state, zip, order_id) VALUES (238, '32 Peachtree Place', '', 'Rayland', 'USA', 'Cedric Chang', '(506) 693-9034', 'OH', '43943', 238);
INSERT INTO public.shipping_address (id, address1, address2, city, country, name, phone, state, zip, order_id) VALUES (239, '57 Cedar Ridge', '', 'Alexandria', 'USA', 'Sophie Turner', '(340) 574-8927', 'KY', '41001', 239);
INSERT INTO public.shipping_address (id, address1, address2, city, country, name, phone, state, zip, order_id) VALUES (240, '10 Sequoia Boulevard', '', 'Eatontown', 'USA', 'Evangeline Bryant', '(334) 576-5524', 'NJ', '07724', 240);
INSERT INTO public.shipping_address (id, address1, address2, city, country, name, phone, state, zip, order_id) VALUES (241, '15 Grove Street', '', 'Genola', 'USA', 'Ellis Fisher', '(213) 137-0756', 'UT', '84655', 241);
INSERT INTO public.shipping_address (id, address1, address2, city, country, name, phone, state, zip, order_id) VALUES (242, '83 Cedar Crest', '', 'Cable', 'USA', 'Kaitlyn Foster', '(201) 042-4284', 'WI', '54821', 242);
INSERT INTO public.shipping_address (id, address1, address2, city, country, name, phone, state, zip, order_id) VALUES (243, '14 Mulberry Circle', '', 'Fruitport', 'USA', 'Anneliese Mccarthy', '(575) 025-5208', 'MI', '49415', 243);
INSERT INTO public.shipping_address (id, address1, address2, city, country, name, phone, state, zip, order_id) VALUES (244, '2 Mahogany Way', '', 'Lansing', 'USA', 'Skylar Lopez', '(607) 045-0086', 'IL', '60438', 244);
INSERT INTO public.shipping_address (id, address1, address2, city, country, name, phone, state, zip, order_id) VALUES (245, '37 Cedar Court', '', 'Fontana', 'USA', 'Samuel Day', '(336) 000-4242', 'KS', '66026', 245);
INSERT INTO public.shipping_address (id, address1, address2, city, country, name, phone, state, zip, order_id) VALUES (246, '40 Ash Street', '', 'Beclabito', 'USA', 'Hazel Bell', '(701) 053-5036', 'NM', '87420', 246);
INSERT INTO public.shipping_address (id, address1, address2, city, country, name, phone, state, zip, order_id) VALUES (247, '47 Bayberry Lane', '', 'Mountain Village', 'USA', 'Joseph Little', '(870) 422-0174', 'AK', '99632', 247);
INSERT INTO public.shipping_address (id, address1, address2, city, country, name, phone, state, zip, order_id) VALUES (248, '12 Oakwood Place', '', 'Marlboro', 'USA', 'Emily Ortiz', '(902) 832-9964', 'OH', '44601', 248);
INSERT INTO public.shipping_address (id, address1, address2, city, country, name, phone, state, zip, order_id) VALUES (249, '43 Elmwood Terrace', '', 'Groveland', 'USA', 'Sadie Oliver', '(231) 400-7679', 'ID', '83221', 249);
INSERT INTO public.shipping_address (id, address1, address2, city, country, name, phone, state, zip, order_id) VALUES (250, '27 Cypress Point', '', 'Petersburg', 'USA', 'Christopher Mosley', '(818) 122-7053', 'IN', '47567', 250);
INSERT INTO public.shipping_address (id, address1, address2, city, country, name, phone, state, zip, order_id) VALUES (251, '28 Redwood Avenue', '', 'Forsan', 'USA', 'Plinio Garcia', '(479) 829-9913', 'TX', '79733', 251);
INSERT INTO public.shipping_address (id, address1, address2, city, country, name, phone, state, zip, order_id) VALUES (252, '39 Peachtree Place', '', 'Robbinsville', 'USA', 'Timothy White', '(225) 063-4630', 'NC', '28771', 252);
INSERT INTO public.shipping_address (id, address1, address2, city, country, name, phone, state, zip, order_id) VALUES (253, '24 Walnut Grove', '', 'Takotna', 'USA', 'Colette Cantu', '(219) 458-7138', 'AK', '99627', 253);
INSERT INTO public.shipping_address (id, address1, address2, city, country, name, phone, state, zip, order_id) VALUES (254, '19 Aspen Lane', '', 'Lincoln Park', 'USA', 'Fidel Mcdonald', '(802) 650-9450', 'NJ', '07035', 254);
INSERT INTO public.shipping_address (id, address1, address2, city, country, name, phone, state, zip, order_id) VALUES (255, '43 Cypress Point', '', 'Clacks Canyon', 'USA', 'Roque Parker', '(972) 201-6533', 'AZ', '86413', 255);

-- Complaints for RHNL-017 product
INSERT INTO public.complaints (id, user_id, order_id, product_code, issue_type, severity, complaint, status, resolution, created_at, updated_at, version) VALUES (1, 'rhoffman', 274, 'RHNL-017', 'defect', 'low', 'Hood shape doesn''t lay quite right. Aesthetic preference more than defect.', 'open', 'replacement', '2026-01-25 08:25:45.275', '2026-01-25 08:25:45.275', 1);
INSERT INTO public.complaints (id, user_id, order_id, product_code, issue_type, severity, complaint, status, resolution, created_at, updated_at, version) VALUES (2, 'jcarroll', 262, 'RHNL-017', 'defect', 'high', 'Zipper keeps separating and won''t stay closed. Pull tab broke off after one week.', 'open', 'refund', '2026-03-11 15:39:29.186', '2026-03-11 15:39:29.186', 1);
INSERT INTO public.complaints (id, user_id, order_id, product_code, issue_type, severity, complaint, status, resolution, created_at, updated_at, version) VALUES (3, 'aedwards', 264, 'RHNL-017', 'defect', 'medium', 'Logo placement is off-center and crooked. Very noticeable and looks cheap.', 'open', 'replacement', '2026-02-12 14:34:40.742', '2026-02-12 14:34:40.742', 1);
INSERT INTO public.complaints (id, user_id, order_id, product_code, issue_type, severity, complaint, status, resolution, created_at, updated_at, version) VALUES (4, 'rwest', 258, 'RHNL-017', 'defect', 'medium', 'Small loose thread on shoulder seam. Minor quality control issue.', 'open', 'refund', '2026-02-18 12:07:14.612', '2026-02-18 12:07:14.612', 1);
INSERT INTO public.complaints (id, user_id, order_id, product_code, issue_type, severity, complaint, status, resolution, created_at, updated_at, version) VALUES (5, 'zcole', 272, 'RHNL-017', 'defect', 'high', 'Fabric has strange texture like it''s made of plastic. Very uncomfortable against skin.', 'open', 'refund', '2026-02-18 16:27:44.983', '2026-02-18 16:27:44.983', 1);
INSERT INTO public.complaints (id, user_id, order_id, product_code, issue_type, severity, complaint, status, resolution, created_at, updated_at, version) VALUES (6, 'vdaugherty', 281, 'RHNL-017', 'defect', 'critical', 'Colors bleeding severely - ruined entire load of laundry. Red dye stained all my white clothes.', 'open', 'refund', '2026-03-28 18:37:13.413', '2026-03-28 18:37:13.413', 1);
INSERT INTO public.complaints (id, user_id, order_id, product_code, issue_type, severity, complaint, status, resolution, created_at, updated_at, version) VALUES (7, 'ascott', 273, 'RHNL-017', 'defect', 'low', 'Tag is itchy and irritating. Wish it was printed instead of sewn in.', 'open', 'replacement', '2026-03-10 12:32:48.857', '2026-03-10 12:32:48.857', 1);
INSERT INTO public.complaints (id, user_id, order_id, product_code, issue_type, severity, complaint, status, resolution, created_at, updated_at, version) VALUES (8, 'kkim', 288, 'RHNL-017', 'defect', 'low', 'Hood shape doesn''t lay quite right. Aesthetic preference more than defect.', 'open', 'refund', '2026-03-29 00:00:00.000', '2026-03-29 00:00:00.000', 1);
INSERT INTO public.complaints (id, user_id, order_id, product_code, issue_type, severity, complaint, status, resolution, created_at, updated_at, version) VALUES (9, 'lrodriguez', 277, 'RHNL-017', 'defect', 'low', 'Hemline is slightly uneven. Only noticeable on close inspection.', 'open', 'refund', '2026-03-27 14:16:17.291', '2026-03-27 14:16:17.291', 1);
INSERT INTO public.complaints (id, user_id, order_id, product_code, issue_type, severity, complaint, status, resolution, created_at, updated_at, version) VALUES (10, 'amurphy', 287, 'RHNL-017', 'defect', 'high', 'Pocket stitching ripped out completely. Both kangaroo pockets are unusable.', 'open', 'replacement', '2026-02-15 09:48:02.702', '2026-02-15 09:48:02.702', 1);
INSERT INTO public.complaints (id, user_id, order_id, product_code, issue_type, severity, complaint, status, resolution, created_at, updated_at, version) VALUES (11, 'ohunter', 271, 'RHNL-017', 'defect', 'medium', 'Minor pilling on sleeves and front. More than expected for a new sweatshirt.', 'open', 'replacement', '2026-03-09 02:18:10.387', '2026-03-09 02:18:10.387', 1);
INSERT INTO public.complaints (id, user_id, order_id, product_code, issue_type, severity, complaint, status, resolution, created_at, updated_at, version) VALUES (12, 'rmccormick', 291, 'RHNL-017', 'defect', 'high', 'Pocket stitching ripped out completely. Both kangaroo pockets are unusable.', 'open', 'refund', '2026-03-04 21:03:34.751', '2026-03-04 21:03:34.751', 1);
INSERT INTO public.complaints (id, user_id, order_id, product_code, issue_type, severity, complaint, status, resolution, created_at, updated_at, version) VALUES (13, 'scrane', 268, 'RHNL-017', 'quality', 'low', 'Fabric weight feels lighter than previous sweatshirt orders. Still acceptable.', 'open', 'refund', '2026-03-01 09:54:32.540', '2026-03-01 09:54:32.540', 1);
INSERT INTO public.complaints (id, user_id, order_id, product_code, issue_type, severity, complaint, status, resolution, created_at, updated_at, version) VALUES (14, 'phernandez', 294, 'RHNL-017', 'defect', 'medium', 'Hood drawstring is too short and non-adjustable. Hood doesn''t stay up properly.', 'open', 'replacement', '2026-03-14 11:43:10.165', '2026-03-14 11:43:10.165', 1);
INSERT INTO public.complaints (id, user_id, order_id, product_code, issue_type, severity, complaint, status, resolution, created_at, updated_at, version) VALUES (15, 'slopez', 260, 'RHNL-017', 'defect', 'low', 'Pocket depth is shallower than expected. Phone barely fits.', 'open', 'replacement', '2026-01-10 05:41:38.256', '2026-01-10 05:41:38.256', 1);
INSERT INTO public.complaints (id, user_id, order_id, product_code, issue_type, severity, complaint, status, resolution, created_at, updated_at, version) VALUES (16, 'vlevy', 285, 'RHNL-017', 'defect', 'critical', 'Severe allergic reaction to fabric - broke out in hives immediately upon wearing. Material causes skin irritation.', 'open', 'refund', '2026-02-10 23:00:22.185', '2026-02-10 23:00:22.185', 1);
INSERT INTO public.complaints (id, user_id, order_id, product_code, issue_type, severity, complaint, status, resolution, created_at, updated_at, version) VALUES (17, 'jparker', 278, 'RHNL-017', 'defect', 'high', 'Sweatshirt shrunk significantly in wash despite cold water. Now too small to wear.', 'open', 'replacement', '2026-03-29 00:00:00.000', '2026-03-29 00:00:00.000', 1);
INSERT INTO public.complaints (id, user_id, order_id, product_code, issue_type, severity, complaint, status, resolution, created_at, updated_at, version) VALUES (18, 'athompson', 286, 'RHNL-017', 'quality', 'critical', 'Fabric is disintegrating and leaving fiber particles everywhere. Pieces falling off during wear.', 'in_progress', 'replacement', '2026-03-27 00:00:00.000', '2026-03-27 00:00:00.000', 1);
INSERT INTO public.complaints (id, user_id, order_id, product_code, issue_type, severity, complaint, status, resolution, created_at, updated_at, version) VALUES (19, 'cprice', 259, 'RHNL-017', 'defect', 'critical', 'Colors bleeding severely - ruined entire load of laundry. Red dye stained all my white clothes.', 'in_progress', 'refund', '2026-03-20 19:30:14.190', '2026-03-20 19:30:14.190', 1);
INSERT INTO public.complaints (id, user_id, order_id, product_code, issue_type, severity, complaint, status, resolution, created_at, updated_at, version) VALUES (20, 'cmanning', 283, 'RHNL-017', 'defect', 'low', 'Pocket depth is shallower than expected. Phone barely fits.', 'open', 'replacement', '2026-03-03 22:34:25.195', '2026-03-03 22:34:25.195', 1);
INSERT INTO public.complaints (id, user_id, order_id, product_code, issue_type, severity, complaint, status, resolution, created_at, updated_at, version) VALUES (21, 'nfreeman', 282, 'RHNL-017', 'defect', 'low', 'Tag is itchy and irritating. Wish it was printed instead of sewn in.', 'in_progress', 'replacement', '2026-02-11 11:48:46.471', '2026-02-11 11:48:46.471', 1);
INSERT INTO public.complaints (id, user_id, order_id, product_code, issue_type, severity, complaint, status, resolution, created_at, updated_at, version) VALUES (22, 'nfreeman', 295, 'RHNL-017', 'defect', 'high', 'Pocket stitching ripped out completely. Both kangaroo pockets are unusable.', 'in_progress', 'refund', '2026-03-04 10:01:07.766', '2026-03-04 10:01:07.766', 1);
INSERT INTO public.complaints (id, user_id, order_id, product_code, issue_type, severity, complaint, status, resolution, created_at, updated_at, version) VALUES (23, 'estout', 267, 'RHNL-017', 'defect', 'medium', 'Minor pilling on sleeves and front. More than expected for a new sweatshirt.', 'open', 'refund', '2026-03-07 22:16:55.160', '2026-03-07 22:16:55.160', 1);
INSERT INTO public.complaints (id, user_id, order_id, product_code, issue_type, severity, complaint, status, resolution, created_at, updated_at, version) VALUES (24, 'efisher', 280, 'RHNL-017', 'quality', 'medium', 'Slight color variation between sleeves and body. Looks like different dye batches.', 'open', 'replacement', '2026-03-29 20:18:47.749', '2026-03-29 20:18:47.749', 1);
INSERT INTO public.complaints (id, user_id, order_id, product_code, issue_type, severity, complaint, status, resolution, created_at, updated_at, version) VALUES (25, 'rpeterson', 289, 'RHNL-017', 'defect', 'low', 'Tag is itchy and irritating. Wish it was printed instead of sewn in.', 'open', 'replacement', '2026-02-01 13:06:52.970', '2026-02-01 13:06:52.970', 1);
INSERT INTO public.complaints (id, user_id, order_id, product_code, issue_type, severity, complaint, status, resolution, created_at, updated_at, version) VALUES (26, 'jstewart', 265, 'RHNL-017', 'quality', 'medium', 'Small loose thread on shoulder seam. Minor quality control issue.', 'in_progress', 'refund', '2026-01-11 09:26:30.167', '2026-01-11 09:26:30.167', 1);
INSERT INTO public.complaints (id, user_id, order_id, product_code, issue_type, severity, complaint, status, resolution, created_at, updated_at, version) VALUES (27, 'soliver', 279, 'RHNL-017', 'defect', 'medium', 'Small loose thread on shoulder seam. Minor quality control issue.', 'open', 'refund', '2026-02-03 02:58:35.026', '2026-02-03 02:58:35.026', 1);
INSERT INTO public.complaints (id, user_id, order_id, product_code, issue_type, severity, complaint, status, resolution, created_at, updated_at, version) VALUES (28, 'lrodriguez', 276, 'RHNL-017', 'defect', 'medium', 'Fit is inconsistent with size chart. Ordered large, fits like a small.', 'open', 'refund', '2026-01-22 01:14:30.325', '2026-01-22 01:14:30.325', 1);
INSERT INTO public.complaints (id, user_id, order_id, product_code, issue_type, severity, complaint, status, resolution, created_at, updated_at, version) VALUES (29, 'lrodriguez', 269, 'RHNL-017', 'defect', 'high', 'Color fading drastically after first wash. Went from black to faded gray.', 'open', 'replacement', '2026-02-27 04:20:37.207', '2026-02-27 04:20:37.207', 1);
INSERT INTO public.complaints (id, user_id, order_id, product_code, issue_type, severity, complaint, status, resolution, created_at, updated_at, version) VALUES (30, 'ecruz', 284, 'RHNL-017', 'defect', 'critical', 'Fabric is disintegrating and leaving fiber particles everywhere. Pieces falling off during wear.', 'open', 'refund', '2026-02-23 06:10:19.311', '2026-02-23 06:10:19.311', 1);
INSERT INTO public.complaints (id, user_id, order_id, product_code, issue_type, severity, complaint, status, resolution, created_at, updated_at, version) VALUES (31, 'ihughes', 263, 'RHNL-017', 'defect', 'high', 'Zipper keeps separating and won''t stay closed. Pull tab broke off after one week.', 'open', 'refund', '2026-02-25 12:55:43.229', '2026-02-25 12:55:43.229', 1);
INSERT INTO public.complaints (id, user_id, order_id, product_code, issue_type, severity, complaint, status, resolution, created_at, updated_at, version) VALUES (32, 'jcarroll', 292, 'RHNL-017', 'defect', 'low', 'Pocket depth is shallower than expected. Phone barely fits.', 'open', 'refund', '2026-03-20 18:17:42.654', '2026-03-20 18:17:42.654', 1);
INSERT INTO public.complaints (id, user_id, order_id, product_code, issue_type, severity, complaint, status, resolution, created_at, updated_at, version) VALUES (33, 'estout', 266, 'RHNL-017', 'defect', 'critical', 'Sweatshirt completely fell apart after first wash. All seams unraveled and fabric disintegrated.', 'in_progress', 'refund', '2026-01-25 14:55:52.970', '2026-01-25 14:55:52.970', 1);
INSERT INTO public.complaints (id, user_id, order_id, product_code, issue_type, severity, complaint, status, resolution, created_at, updated_at, version) VALUES (34, 'cmanning', 261, 'RHNL-017', 'defect', 'critical', 'Toxic chemical smell that won''t wash out. Makes me nauseous and gives me headaches when wearing.', 'open', 'refund', '2026-03-23 02:52:51.275', '2026-03-23 02:52:51.275', 1);
INSERT INTO public.complaints (id, user_id, order_id, product_code, issue_type, severity, complaint, status, resolution, created_at, updated_at, version) VALUES (35, 'lrodriguez', 275, 'RHNL-017', 'defect', 'high', 'Color fading drastically after first wash. Went from black to faded gray.', 'open', 'refund', '2026-01-27 10:42:24.963', '2026-01-27 10:42:24.963', 1);
INSERT INTO public.complaints (id, user_id, order_id, product_code, issue_type, severity, complaint, status, resolution, created_at, updated_at, version) VALUES (36, 'estout', 256, 'RHNL-017', 'defect', 'medium', 'Fabric feels thinner than expected. Not as warm as described in product description.', 'open', 'refund', '2026-03-22 03:34:19.915', '2026-03-22 03:34:19.915', 1);
INSERT INTO public.complaints (id, user_id, order_id, product_code, issue_type, severity, complaint, status, resolution, created_at, updated_at, version) VALUES (37, 'estout', 290, 'RHNL-017', 'defect', 'critical', 'Severe allergic reaction to fabric - broke out in hives immediately upon wearing. Material causes skin irritation.', 'open', 'replacement', '2026-03-19 04:37:22.685', '2026-03-19 04:37:22.685', 1);
INSERT INTO public.complaints (id, user_id, order_id, product_code, issue_type, severity, complaint, status, resolution, created_at, updated_at, version) VALUES (38, 'jcarroll', 257, 'RHNL-017', 'defect', 'critical', 'Severe allergic reaction to fabric - broke out in hives immediately upon wearing. Material causes skin irritation.', 'in_progress', 'replacement', '2026-01-19 12:45:38.233', '2026-01-19 12:45:38.233', 1);
INSERT INTO public.complaints (id, user_id, order_id, product_code, issue_type, severity, complaint, status, resolution, created_at, updated_at, version) VALUES (39, 'efisher', 270, 'RHNL-017', 'defect', 'critical', 'Severe allergic reaction to fabric - broke out in hives immediately upon wearing. Material causes skin irritation.', 'in_progress', 'replacement', '2026-03-09 00:58:45.912', '2026-03-09 00:58:45.912', 1);
INSERT INTO public.complaints (id, user_id, order_id, product_code, issue_type, severity, complaint, status, resolution, created_at, updated_at, version) VALUES (40, 'ssalazar', 293, 'RHNL-017', 'defect', 'high', 'Zipper keeps separating and won''t stay closed. Pull tab broke off after one week.', 'in_progress', 'replacement', '2026-03-05 15:05:52.314', '2026-03-05 15:05:52.314', 1);
